Keyword,Intent,Volume,Trend,Keyword Difficulty,CPC (USD),Competitive Density,SERP Features,Number of Results
shop lululemon everywhere belt bag,"Informational, Transactional",27100,"0.54,0.54,0.54,0.54,0.54,0.54,0.54,0.00,0.00,0.54,1.00,0.00",58,0.00,1.00,"Site links, Reviews, Image, Image pack, Video, People also ask, Related searches, Related products, Shopping ads",3850000
lululemon everywhere belt bag,"Informational, Transactional",18100,"1.00,0.82,0.64,0.55,0.64,0.55,0.55,0.36,0.36,0.64,0.82,0.36",61,0.92,1.00,"Site links, Reviews, Image, Video, People also ask, Related searches, Related products, Shopping ads",5120000
everywhere belt bag lululemon,"Informational, Transactional",1900,"0.62,0.54,0.38,0.54,0.54,0.38,0.31,0.31,0.31,0.62,1.00,0.31",57,0.85,1.00,"Reviews, Image, Video, People also ask, Related searches, Related products",6510000
lululemon everywhere belt bag 1l,"Informational, Transactional",880,"0.24,0.24,0.24,0.29,0.37,0.37,0.37,0.29,0.29,0.79,1.00,0.29",40,1.17,1.00,"Site links, Reviews, Image, Video, People also ask, Related searches, Related products",855000
lululemon everywhere belt bag 2l,"Informational, Transactional",880,"0.46,0.31,0.37,0.31,0.37,0.46,0.37,0.37,0.37,0.84,1.00,0.46",35,1.44,1.00,"Site links, Reviews, Image, Video, People also ask, Related searches, Related products",578000
lululemon athletica everywhere belt bag pastel blue,"Informational, Transactional",590,"0.00,0.01,1.00,0.00,0.00,0.00,0.00,0.00,0.00,0.00,0.00,0.00",17,0.00,1.00,"Site links, Reviews, Image, Image pack, Video, People also ask, Related searches, Related products",66
lululemon athletica everywhere belt bag,"Informational, Transactional",390,"0.46,0.54,0.33,0.54,0.54,0.83,0.54,0.46,0.54,0.83,1.00,0.54",52,1.24,1.00,"Site links, Reviews, Image, Video, People also ask, Related searches, Related products, Shopping ads",607000
lululemon everywhere belt bag colors,"Informational, Transactional",390,"1.00,0.67,0.67,0.67,0.67,0.53,0.23,0.17,0.17,0.23,0.37,0.17",40,0.85,1.00,"Site links, Reviews, Image, Image pack, Video, People also ask, Related searches, Popular products",6130000
lululemon everywhere belt bag dupe,Commercial,390,"0.80,1.00,1.00,1.00,1.00,1.00,0.80,0.70,0.70,0.70,0.70,0.30",40,0.44,1.00,"Site links, Reviews, Image, Video, People also ask, Related searches",85
lululemon everywhere belt bag large,"Informational, Transactional",390,"1.00,0.55,0.40,0.55,0.65,0.55,0.40,0.40,0.40,0.65,1.00,0.55",42,1.02,1.00,"Site links, Reviews, Image, Image pack, Video, People also ask, Related searches, Related products",2740000
lululemon athletica everywhere belt bag 1l - sonic pink,"Informational, Transactional",320,"0.00,0.00,0.00,0.00,0.00,0.00,0.02,0.08,1.00,0.13,0.24,0.04",20,4.09,1.00,"Reviews, Image, Image pack, People also ask, Related searches, Popular products",41
lululemon everywhere belt bag 2 liter,"Informational, Transactional",260,"0.01,0.01,0.01,0.01,0.01,0.01,0.06,0.00,0.45,1.00,0.67,0.00",34,1.44,1.00,"Site links, Reviews, Image, Image pack, Video, People also ask, Related searches, Related products",87
lululemon everywhere belt bag black,"Informational, Transactional",260,"0.71,0.43,0.43,0.57,0.57,0.57,0.43,0.57,0.57,1.00,1.00,0.57",50,1.02,1.00,"Reviews, Image, Image pack, Video, People also ask, Related searches, Related products, Shopping ads",4960000
lululemon everywhere belt bag fleece,"Informational, Transactional",260,"0.67,0.54,0.29,0.44,0.44,0.35,0.08,0.35,0.44,0.67,1.00,0.67",30,0.99,1.00,"Reviews, Image, Image pack, Video, People also ask, Related searches, Shopping ads",80
lululemon everywhere belt bag grey,"Informational, Transactional",210,"0.43,0.43,0.34,0.43,0.52,0.65,0.65,0.52,0.65,0.65,1.00,0.80",27,0.95,1.00,"Site links, Reviews, Image, Image pack, Video, People also ask, Related searches, Related products",3810000
lululemon everywhere belt bag white,"Informational, Transactional",210,"1.00,0.54,0.33,0.67,1.00,0.83,0.83,0.42,0.54,0.67,1.00,0.54",34,0.99,1.00,"Site links, Reviews, Image, Image pack, Video, Related searches, Related products",92
everywhere lululemon belt bag,"Navigational, Transactional",170,"0.34,0.20,0.43,0.66,0.66,0.66,0.66,0.34,1.00,0.66,1.00,0.52",51,1.06,1.00,"Site links, Reviews, Image, Image pack, Video, People also ask, Related searches, Related products",6780000
lululemon belt bag everywhere,"Informational, Transactional",170,"1.00,0.13,0.25,0.88,1.00,1.00,1.00,1.00,0.88,0.88,1.00,0.63",51,1.26,1.00,"Site links, Reviews, Image, Image pack, Video, People also ask, Related searches, Related products",5880000
lululemon everywhere belt bag pink,"Informational, Transactional",170,"0.67,0.54,0.35,0.28,0.35,0.35,0.22,0.17,0.17,0.35,1.00,0.35",31,0.93,1.00,"Site links, Reviews, Image, Image pack, Video, People also ask, Related searches, Related products",0
lululemon everywhere belt bag review,Commercial,170,"1.00,0.66,0.66,0.66,0.66,1.00,0.28,0.28,0.28,0.22,0.34,0.28",44,0.00,1.00,"Reviews, Image, Video, People also ask, Related searches, Related products",72
lululemon everywhere fleece belt bag,"Informational, Transactional",170,"0.85,0.62,0.23,0.62,0.62,0.15,0.38,0.62,0.85,1.00,1.00,0.62",43,1.04,1.00,"Reviews, Image, Image pack, Video, People also ask, Related searches, Related products",1600000
lululemon wear everywhere belt bag,Transactional,170,"1.00,0.77,0.77,0.77,0.54,0.77,0.77,0.15,0.54,0.08,0.31,0.31",49,1.28,1.00,"Site links, Reviews, Image, Image pack, Video, People also ask, Related searches, Popular products",1790000
lululemon black everywhere belt bag,"Navigational, Transactional",140,"0.65,0.54,0.42,0.65,0.35,0.81,0.27,0.19,0.65,1.00,1.00,0.54",47,1.63,1.00,"Site links, Reviews, Image, Image pack, Video, People also ask, Related searches, Related products",5270000
lululemon everywhere belt bag large 2l,"Informational, Transactional",140,"0.43,0.21,0.34,0.34,0.34,0.28,0.21,0.34,0.34,0.80,1.00,0.28",34,1.63,1.00,"Site links, Reviews, Image, Image pack, Video, People also ask, Related searches, Related products",302000
everywhere belt bag 1l lululemon,"Informational, Transactional",110,"0.53,0.42,0.26,0.42,0.53,0.42,0.35,0.26,0.18,0.80,1.00,0.18",37,3.26,1.00,"Reviews, Image, Image pack, Video, People also ask, Related searches, Related products",1120000
lululemon everywhere belt bag 1l vs 2l,Commercial,110,"0.65,0.65,0.82,0.65,1.00,1.00,0.52,0.40,0.40,0.52,0.65,0.40",22,1.91,1.00,"Site links, Reviews, Image, Video, People also ask, Related searches, Popular products, Shopping ads",37
lululemon fleece everywhere belt bag,"Informational, Transactional",110,"1.00,0.81,0.23,0.81,0.32,0.43,0.09,0.09,0.81,0.66,0.81,0.23",46,1.39,1.00,"Site links, Reviews, Image, Image pack, Video, People also ask, Related searches, Related products",958000
lululemon large everywhere belt bag,"Informational, Transactional",110,"0.79,0.52,0.52,0.31,1.00,0.21,0.21,0.17,0.14,0.66,1.00,0.17",35,1.99,1.00,"Site links, Reviews, Image, Image pack, Video, People also ask, Related searches",4010000
black lululemon everywhere belt bag,"Informational, Transactional",90,"0.51,0.17,0.17,0.31,0.09,0.17,0.17,0.51,0.80,1.00,0.66,0.51",40,1.28,1.00,"Reviews, Image, Image pack, Video, People also ask, Related searches, Related products",5660000
lululemon everywhere belt bag misty pink,Commercial,90,"0.50,0.35,0.50,0.50,0.50,0.78,0.78,0.64,1.00,0.64,0.50,0.64",25,0.00,1.00,"Reviews, Image, Image pack, Video, Related searches, Popular products",38
lululemon everywhere belt bag red,Transactional,90,"1.00,0.80,0.80,0.66,0.49,0.80,0.34,0.49,0.34,0.66,0.80,0.80",23,0.89,1.00,"Reviews, Image, Image pack, Video, Related searches, Popular products",97
lululemon everywhere belt bag reviews,Commercial,90,"1.00,0.63,0.50,0.50,0.38,0.50,0.31,0.19,0.31,0.06,0.31,0.06",45,0.00,1.00,"Site links, Reviews, Image, Video, People also ask, Related searches, Related products",91
lululemon everywhere belt bag stores,Transactional,90,"0.29,0.29,0.14,0.29,0.43,1.00,0.29,0.14,0.57,0.00,0.14,0.00",49,0.00,0.43,"Site links, Reviews, Image, Image pack, Video, People also ask, Local pack, Related searches, Related products",6680000
lululemon everywhere belt bag white opal,"Informational, Transactional",90,"1.00,0.43,0.51,0.31,0.66,0.51,0.31,0.23,0.17,0.23,0.51,0.17",29,1.29,1.00,"Site links, Reviews, Image, Image pack, Video, People also ask, Related searches, Related products",82
lululemon 2l everywhere belt bag,"Informational, Transactional",70,"1.00,0.43,0.23,0.52,0.32,0.43,0.32,0.23,0.18,0.23,0.32,0.18",36,1.45,1.00,"Site links, Reviews, Image, Image pack, Video, People also ask, Related searches, Related products, Shopping ads",534000
lululemon everywhere belt bag black gold,Transactional,70,"0.78,0.78,0.14,0.14,0.78,0.14,0.14,0.78,0.14,0.14,1.00,0.50",33,1.07,1.00,"Site links, Reviews, Image, Image pack, Video, People also ask, Related searches, Related products",86
lululemon everywhere belt bag blue,"Informational, Transactional",70,"0.62,0.62,0.62,0.62,1.00,0.81,0.45,0.45,0.45,0.62,0.81,0.62",22,1.13,1.00,"Site links, Reviews, Image, Image pack, Video, People also ask, Related searches, Related products",4530000
lululemon everywhere belt bag java,"Informational, Transactional",70,"0.00,1.00,0.02,0.02,0.02,0.02,0.02,0.02,0.02,0.02,0.02,0.02",28,0.00,1.00,"Site links, Reviews, Image, Image pack, Video, People also ask, Popular products, Shopping ads",71
lululemon everywhere belt bag outfit,Informational,70,"0.63,0.50,0.50,0.63,1.00,0.50,0.28,0.35,0.35,0.35,0.35,0.50",20,0.00,1.00,"Reviews, Image, Image pack, Video, Related searches, Popular products",87
lululemon everywhere belt bag restock,Informational,70,"1.00,0.33,0.33,0.33,0.00,0.00,0.00,0.00,0.00,0.00,0.00,0.00",40,0.00,0.33,"Site links, Reviews, Image, Image pack, Video, People also ask, Popular products",84
lululemon everywhere belt bag sonic pink,"Informational, Transactional",70,"0.42,1.00,0.19,0.00,0.42,0.35,0.19,0.00,0.00,0.19,0.19,0.04",20,0.00,1.00,"Site links, Reviews, Image, Image pack, Video, People also ask, Related searches, Popular products",77
everywhere belt bag lululemon black,"Informational, Transactional",50,"0.65,0.13,0.13,0.13,0.13,0.65,0.13,0.13,0.65,0.78,1.00,0.13",46,0.00,1.00,"Site links, Reviews, Image, Image pack, Video, People also ask, Related searches, Related products",6170000
lululemon everywhere belt bag dimensions,"Informational, Transactional",50,"0.17,0.33,0.61,0.44,0.61,1.00,0.44,0.44,0.33,0.17,0.17,0.17",38,0.00,0.93,"Reviews, Image, Video, People also ask, Related searches, Popular products",67
lululemon everywhere belt bag green,"Informational, Transactional",50,"0.43,0.82,0.61,0.36,1.00,0.61,0.61,0.43,0.25,0.43,0.61,0.18",21,0.84,1.00,"Reviews, Image, Image pack, Video, People also ask, Related searches, Popular products",3370000
lululemon everywhere belt bag grey sage,"Informational, Transactional",50,"1.00,0.29,0.35,0.35,0.29,0.50,0.29,0.14,0.14,0.14,0.79,0.14",28,1.70,1.00,"Site links, Reviews, Image, Image pack, Video, People also ask, Related searches, Related products",86
lululemon everywhere belt bag large 2l wunder puff,"Informational, Transactional",50,"0.00,0.00,0.19,0.00,0.15,0.03,0.80,0.00,0.00,0.00,1.00,0.34",31,1.76,1.00,"Reviews, Image, Image pack, Video, People also ask, Related searches, Related products",63
lululemon everywhere belt bag purple,"Informational, Transactional",50,"0.45,0.45,0.64,0.64,0.64,0.45,0.18,0.18,0.18,0.18,1.00,0.18",21,0.84,1.00,"Reviews, Image, Image pack, Video, People also ask, Related searches, Popular products",3460000
lululemon everywhere belt bag silver,"Informational, Transactional",50,"1.00,0.44,0.44,0.44,0.44,0.33,0.33,0.33,0.33,0.44,1.00,0.17",31,0.00,1.00,"Site links, Reviews, Image, Image pack, Video, People also ask, Related searches, Related products",86
lululemon pink everywhere belt bag,"Informational, Transactional",50,"0.64,1.00,0.45,0.17,0.27,0.64,0.36,0.45,0.17,0.17,1.00,0.17",33,0.83,1.00,"Site links, Reviews, Image, Image pack, Video, People also ask, Related searches, Related products",4110000
lululemon where everywhere belt bag,"Informational, Transactional",50,"0.49,0.49,0.64,0.49,0.36,0.13,0.13,0.13,0.64,1.00,0.13,0.28",50,1.16,1.00,"Site links, Reviews, Image, Video, People also ask, Related searches, Related products",6870000
lululemon.everywhere belt bag,Transactional,50,"0.48,0.35,0.13,0.26,0.26,0.22,0.04,0.13,0.04,0.35,0.48,1.00",44,0.92,1.00,"Site links, Reviews, Image, Video, People also ask, Related searches, Related products",7710000
how to wear lululemon everywhere belt bag,Informational,40,"0.71,0.57,0.71,1.00,0.71,1.00,0.29,0.29,0.29,0.29,0.29,0.29",22,0.00,1.00,"Site links, Reviews, Image pack, Video, People also ask, Related searches",1610000
lululemon everywhere belt bag 1l black,"Informational, Transactional",40,"0.17,0.17,0.17,0.17,0.17,0.17,0.17,0.17,0.45,1.00,1.00,0.17",38,0.00,0.97,"Reviews, Image, Video, People also ask, See results about, Related searches, Popular products",89
lululemon everywhere belt bag black and gold,"Informational, Transactional",40,"1.00,0.27,0.18,0.27,0.27,0.18,0.18,0.18,0.18,0.18,1.00,0.18",24,1.16,1.00,"Site links, Reviews, Image, Image pack, Video, People also ask, Related searches, Related products",83
lululemon everywhere belt bag burnt caramel,"Informational, Transactional",40,"1.00,0.67,0.56,0.56,0.56,0.44,0.22,0.22,0.22,0.22,0.67,0.56",26,1.12,1.00,"Site links, Reviews, Image, Image pack, Video, People also ask, Related searches, Related products",37
lululemon everywhere belt bag camo,"Informational, Transactional",40,"0.75,0.54,0.75,1.00,0.54,0.54,0.32,0.21,0.21,0.21,0.21,0.21",22,0.00,1.00,"Reviews, Image, Image pack, Video, People also ask, Related searches, Popular products",65
lululemon everywhere belt bag dupes,Commercial,40,"0.14,0.14,0.14,0.14,0.14,0.14,0.00,0.00,1.00,0.00,1.00,0.50",39,0.44,1.00,"Reviews, Image, Image pack, Video, People also ask, Related searches, Popular products",93
lululemon everywhere belt bag extender,"Informational, Transactional",40,"0.70,1.00,0.50,0.40,0.50,0.70,0.40,0.30,0.20,0.20,0.20,0.20",22,0.80,1.00,"Site links, Reviews, Image, Image pack, Video, People also ask, Related searches, Popular products",34
lululemon everywhere belt bag large vs regular,"Informational, Transactional",40,"0.17,0.17,1.00,0.17,0.17,1.00,0.63,0.17,0.17,0.17,0.17,0.17",31,0.00,1.00,"Site links, Reviews, Image, Image pack, Video, People also ask, Related searches",89
lululemon everywhere belt bag pastel blue,"Informational, Transactional",40,"1.00,0.64,0.14,0.14,0.14,0.14,0.14,0.14,0.14,0.14,0.14,0.14",14,0.00,1.00,"Site links, Reviews, Image, Image pack, Video, People also ask, Related searches, Related products",416000
lululemon everywhere belt bag pink pastel,"Informational, Transactional",40,"1.00,0.45,0.45,0.27,0.27,0.27,0.36,0.17,0.17,0.17,0.17,0.17",21,1.35,1.00,"Site links, Reviews, Image, Image pack, Video, People also ask, Related searches, Related products",625000
lululemon everywhere belt bag reddit,"Navigational, Transactional",40,"0.71,1.00,0.71,0.71,0.57,0.57,0.29,0.29,0.29,0.29,0.29,0.29",29,0.00,0.82,"Image, Image pack, Related searches",497000
lululemon everywhere belt bag trench,Transactional,40,"1.00,0.75,0.50,0.17,0.50,0.75,0.50,0.33,0.17,0.17,0.17,0.17",26,1.57,1.00,"Reviews, Image, Image pack, Video, People also ask, Popular products, Shopping ads",77
lululemon white everywhere belt bag,"Informational, Transactional",40,"0.36,0.26,0.17,0.36,0.62,0.17,0.17,0.17,0.17,0.17,1.00,0.26",36,1.97,1.00,"Site links, Reviews, Image, Image pack, Video, People also ask, Related searches, Related products, Shopping ads",5650000
everywhere belt bag 2l lululemon,"Informational, Transactional",30,"1.00,0.18,0.18,0.18,0.18,0.18,0.18,0.18,0.18,0.18,0.18,0.18",32,0.00,1.00,"Site links, Reviews, Image, Video, People also ask, Related searches, Shopping ads",653000
everywhere belt bag large 2l lululemon,"Informational, Transactional",30,"0.18,0.18,0.18,0.18,0.18,0.18,0.18,0.18,0.18,1.00,1.00,0.18",32,1.97,1.00,"Site links, Reviews, Image, Image pack, Video, People also ask, Related searches, Shopping ads",0
everywhere belt bag large lululemon,"Informational, Transactional",30,"0.36,0.17,0.17,0.26,0.17,0.36,0.26,0.17,0.17,0.17,1.00,0.17",40,1.34,1.00,"Site links, Reviews, Image, Image pack, Video, People also ask, Related searches, Related products",2220000
everywhere fleece belt bag lululemon,"Informational, Transactional",30,"0.18,0.27,0.00,0.18,0.18,0.18,0.18,0.18,0.18,0.18,0.18,1.00",38,0.00,1.00,"Site links, Reviews, Image, Image pack, Video, People also ask, Related searches, Related products",0
lululemon athletica everywhere belt bag black,"Informational, Transactional",30,"0.62,0.17,0.36,0.17,0.17,0.26,0.17,0.17,0.17,0.17,1.00,0.17",38,1.20,1.00,"Site links, Reviews, Image, Image pack, Video, People also ask, Related searches, Related products",454000
lululemon everywhere belt bag 1l fleece,"Informational, Transactional",30,"0.18,0.18,0.18,0.18,0.00,0.18,0.18,0.18,0.18,1.00,1.00,0.27",34,1.76,1.00,"Site links, Reviews, Image, Video, People also ask, Related searches, Related products",305000
lululemon everywhere belt bag beige,"Informational, Transactional",30,"1.00,0.75,0.50,0.50,1.00,0.50,0.50,0.50,0.50,0.50,0.75,0.50",53,0.00,1.00,"Reviews, Image, Image pack, Video, Related searches, Popular products",86
lululemon everywhere belt bag lavender,"Informational, Transactional",30,"1.00,0.59,0.79,0.38,0.38,0.38,0.38,0.38,0.38,0.38,0.38,0.38",21,0.96,1.00,"Reviews, Image, Image pack, Video, People also ask, Related searches, Popular products",684000
lululemon everywhere belt bag mens,"Informational, Transactional",30,"0.11,0.22,0.22,0.22,1.00,0.22,0.22,0.22,0.22,0.11,0.22,0.22",32,0.00,1.00,"Site links, Reviews, Image, Image pack, Video, People also ask, Related searches, Popular products",3970000
lululemon everywhere belt bag mint,"Informational, Transactional",30,"0.00,1.00,0.14,0.14,0.14,0.14,0.14,0.14,0.14,0.14,0.14,0.14",27,0.00,0.83,"Site links, Reviews, Image, Image pack, Video, People also ask, Related searches, Related products",55
lululemon everywhere belt bag sale,"Informational, Transactional",30,"0.18,0.18,0.18,0.18,0.18,0.18,0.18,0.18,0.18,1.00,0.18,0.18",38,0.79,1.00,"Site links, Reviews, Image, Image pack, Video, People also ask, Related searches, Related products",2690000
lululemon everywhere belt bag sherpa,"Informational, Transactional",30,"1.00,0.79,0.21,0.21,0.21,0.21,0.21,0.21,0.21,0.21,0.21,0.21",45,1.09,1.00,"Reviews, Image, Image pack, Video, People also ask, Related searches, Shopping ads",90
lululemon everywhere belt bag silver drop,"Informational, Transactional",30,"1.00,0.33,0.22,0.33,0.56,0.44,0.22,0.22,0.22,0.22,0.22,0.22",22,1.19,0.98,"Site links, Reviews, Image, Image pack, Video, Related searches, Popular products",82
lululemon everywhere belt bag tidewater teal,"Informational, Transactional",30,"1.00,0.70,0.56,0.28,0.42,0.42,0.28,0.28,0.28,0.28,0.28,0.28",17,0.00,0.75,"Reviews, Image, Image pack, Video, People also ask, Related searches, Popular products",78
lululemon everywhere belt bag velour,"Informational, Transactional",30,"1.00,0.17,0.17,0.17,0.17,0.26,0.26,0.26,0.17,0.17,0.17,0.17",27,1.33,1.00,"Reviews, Image, Image pack, Video, People also ask, Knowledge panel, Related searches, Related products",87
lululemon everywhere belt bag yellow,"Informational, Transactional",30,"0.40,1.00,1.00,1.00,0.40,0.40,0.40,0.40,0.40,0.40,0.40,0.40",21,0.00,1.00,"Reviews, Image, Image pack, Video, People also ask, Popular products",91
pink lululemon everywhere belt bag,"Informational, Transactional",30,"0.18,0.18,0.18,0.18,0.18,0.27,0.18,0.18,0.18,0.27,1.00,0.18",30,0.73,1.00,"Reviews, Image, Image pack, Video, People also ask, Related searches, Related products",3450000
red lululemon everywhere belt bag,"Informational, Transactional",30,"0.14,1.00,0.14,0.14,0.14,0.14,0.14,0.14,0.14,0.14,0.14,0.14",22,0.00,1.00,"Reviews, Image, Image pack, Video, Related searches, Popular products",3210000
amazon lululemon everywhere belt bag,,20,"1.00,1.00,1.00,1.00,1.00,1.00,1.00,1.00,1.00,1.00,1.00,1.00",,0.00,1.00,,
bags like lululemon everywhere belt bag,,20,"1.00,1.00,1.00,1.00,1.00,1.00,1.00,1.00,1.00,1.00,1.00,1.00",,0.00,1.00,,
bags similar to lululemon everywhere belt bag,,20,"1.00,1.00,1.00,1.00,1.00,1.00,1.00,1.00,1.00,1.00,1.00,1.00",,0.44,1.00,,
best lululemon everywhere belt bag dupe,,20,"0.50,1.00,1.00,1.00,1.00,1.00,1.00,1.00,1.00,1.00,1.00,1.00",,0.00,1.00,,
black everywhere belt bag lululemon,,20,"1.00,1.00,1.00,1.00,1.00,1.00,1.00,1.00,1.00,1.00,1.00,1.00",,0.00,1.00,,
brown lululemon everywhere belt bag,,20,"1.00,1.00,1.00,1.00,1.00,1.00,1.00,1.00,1.00,1.00,1.00,1.00",,0.00,1.00,,
did lululemon discontinue everywhere belt bag,,20,"1.00,0.50,0.50,0.50,0.50,0.50,0.50,0.50,0.50,0.00,0.50,0.50",,0.00,1.00,,
dupe for lululemon everywhere belt bag,,20,"1.00,1.00,1.00,1.00,1.00,1.00,1.00,1.00,1.00,1.00,1.00,1.00",,0.00,1.00,,
ebay lululemon everywhere belt bag,,20,"1.00,1.00,1.00,1.00,1.00,1.00,1.00,1.00,1.00,1.00,1.00,1.00",,0.00,1.00,,
everywhere belt bag black lululemon,,20,"1.00,1.00,0.00,0.00,1.00,1.00,1.00,1.00,1.00,1.00,1.00,1.00",,0.00,1.00,,
everywhere belt bag by lululemon,,20,"1.00,1.00,1.00,1.00,1.00,1.00,1.00,1.00,1.00,1.00,1.00,1.00",,0.00,1.00,,
everywhere belt bag fleece lululemon,,20,"0.50,0.50,0.50,0.50,0.50,0.50,0.50,0.50,0.50,0.50,1.00,0.50",,1.04,1.00,,
everywhere belt bag from lululemon,,20,"1.00,1.00,1.00,1.00,1.00,1.00,1.00,1.00,0.00,1.00,1.00,1.00",,0.00,0.64,,
everywhere belt bag lululemon 1l,,20,"1.00,1.00,1.00,1.00,1.00,1.00,1.00,1.00,1.00,1.00,1.00,1.00",,0.00,1.00,,
everywhere belt bag lululemon 2l,,20,"1.00,0.67,0.67,0.67,0.67,0.67,0.67,0.67,0.67,0.67,0.67,0.67",,0.00,1.00,,
everywhere belt bag lululemon canada,,20,"1.00,1.00,1.00,1.00,1.00,1.00,1.00,1.00,1.00,0.00,1.00,0.00",,0.00,0.00,,
everywhere belt bag lululemon colors,,20,"1.00,1.00,1.00,1.00,1.00,1.00,1.00,1.00,1.00,0.00,1.00,1.00",,0.00,0.75,,
everywhere belt bag lululemon dimensions,,20,"1.00,1.00,1.00,1.00,1.00,1.00,1.00,1.00,1.00,1.00,1.00,1.00",,0.00,0.57,,
everywhere belt bag lululemon dupe,,20,"1.00,1.00,1.00,1.00,1.00,1.00,1.00,1.00,1.00,1.00,1.00,1.00",,0.21,1.00,,
everywhere belt bag lululemon extended strap,,20,"1.00,1.00,1.00,1.00,1.00,1.00,1.00,0.00,1.00,1.00,1.00,1.00",,0.00,1.00,,
everywhere belt bag lululemon fleece,,20,"1.00,1.00,1.00,1.00,1.00,1.00,1.00,1.00,1.00,1.00,1.00,1.00",,0.89,1.00,,
everywhere belt bag lululemon green,,20,"1.00,1.00,1.00,1.00,1.00,1.00,1.00,1.00,0.00,1.00,1.00,1.00",,0.00,0.33,,
everywhere belt bag lululemon large,,20,"1.00,1.00,1.00,1.00,1.00,1.00,1.00,1.00,1.00,1.00,1.00,1.00",,2.42,1.00,,
everywhere belt bag lululemon pink,,20,"1.00,1.00,1.00,1.00,1.00,1.00,1.00,1.00,1.00,1.00,1.00,1.00",,1.41,1.00,,
everywhere belt bag lululemon reddit,,20,"1.00,1.00,1.00,1.00,1.00,0.00,1.00,1.00,1.00,1.00,1.00,1.00",,0.00,1.00,,
everywhere belt bag lululemon review,,20,"1.00,1.00,1.00,1.00,1.00,1.00,1.00,1.00,1.00,1.00,1.00,1.00",,0.00,1.00,,
everywhere belt bag lululemon velour,,20,"1.00,1.00,1.00,1.00,1.00,0.00,1.00,1.00,1.00,1.00,1.00,1.00",,0.00,1.00,,
everywhere belt bag lululemon white,,20,"1.00,1.00,1.00,1.00,1.00,1.00,1.00,1.00,1.00,1.00,1.00,1.00",,0.00,0.97,,
everywhere belt bag lululemon white opal,,20,"1.00,1.00,1.00,1.00,1.00,1.00,1.00,1.00,1.00,1.00,1.00,0.00",,0.00,0.00,,
everywhere belt bag white lululemon,,20,"1.00,1.00,0.00,1.00,1.00,1.00,1.00,1.00,0.00,1.00,1.00,1.00",,0.00,1.00,,
extender for lululemon everywhere belt bag,,20,"1.00,1.00,1.00,1.00,1.00,1.00,1.00,1.00,1.00,1.00,1.00,1.00",,0.41,1.00,,
fake lululemon everywhere belt bag,,20,"1.00,1.00,1.00,1.00,1.00,1.00,1.00,1.00,1.00,1.00,1.00,1.00",,0.00,0.00,,
fleece everywhere belt bag lululemon,,20,"1.00,1.00,1.00,1.00,1.00,0.00,0.00,1.00,0.00,1.00,1.00,1.00",,0.00,1.00,,
gray lululemon everywhere belt bag,,20,"1.00,1.00,0.00,1.00,1.00,1.00,1.00,1.00,1.00,1.00,1.00,1.00",,0.00,1.00,,
grey lululemon everywhere belt bag,,20,"1.00,1.00,1.00,1.00,1.00,1.00,1.00,1.00,1.00,1.00,1.00,1.00",,0.00,1.00,,
how big is lululemon everywhere belt bag,,20,"1.00,1.00,1.00,1.00,1.00,1.00,1.00,1.00,1.00,1.00,1.00,1.00",,0.00,1.00,,
how much are lululemon everywhere belt bags,,20,"1.00,0.00,1.00,1.00,1.00,0.00,1.00,1.00,1.00,1.00,1.00,1.00",,0.00,0.07,,
how much is a lululemon everywhere belt bag,,20,"1.00,1.00,1.00,1.00,1.00,1.00,0.00,1.00,1.00,1.00,1.00,1.00",,0.00,0.14,,
how much is lululemon everywhere belt bag,,20,"1.00,1.00,0.00,1.00,0.00,1.00,0.00,1.00,1.00,1.00,1.00,1.00",,0.00,0.14,,
how much is the lululemon everywhere belt bag,,20,"1.00,1.00,1.00,1.00,1.00,1.00,0.00,1.00,1.00,1.00,1.00,1.00",,0.00,0.23,,
how to clean lululemon everywhere belt bag,,20,"1.00,1.00,1.00,1.00,1.00,1.00,1.00,1.00,1.00,1.00,1.00,1.00",,0.00,0.48,,
how to wash lululemon everywhere belt bag,,20,"1.00,1.00,1.00,1.00,1.00,1.00,1.00,1.00,1.00,1.00,1.00,1.00",,0.00,0.89,,
how to wear a lululemon everywhere belt bag,,20,"0.50,1.00,1.00,1.00,1.00,1.00,1.00,1.00,1.00,1.00,1.00",,0.00,1.00,,
how to wear the lululemon everywhere belt bag,,20,"1.00,1.00,1.00,1.00,1.00,1.00,1.00,1.00,1.00,1.00,1.00,1.00",,0.00,1.00,,
https://shop.lululemon.com/p/bags/everywhere-belt-bag/_/prod8900747,,20,"1.00,1.00,1.00,1.00,1.00,1.00,1.00,0.00,0.00,1.00,1.00,1.00",,0.00,1.00,,
is lululemon everywhere belt bag discontinued,,20,"1.00,1.00,1.00,1.00,1.00,0.00,1.00,1.00,1.00,1.00,1.00,1.00",,0.00,1.00,,
is the lululemon everywhere belt bag worth it,,20,"1.00,1.00,1.00,1.00,1.00,1.00,1.00,1.00,1.00,1.00,1.00,1.00",,0.00,1.00,,
large everywhere belt bag lululemon,,20,"1.00,1.00,0.00,0.00,1.00,1.00,1.00,1.00,1.00,1.00,1.00,1.00",,0.00,0.79,,
large lululemon everywhere belt bag,,20,"1.00,1.00,1.00,1.00,1.00,1.00,1.00,1.00,1.00,1.00,1.00,1.00",,0.00,1.00,,
lululemon 1l everywhere belt bag,,20,"1.00,1.00,1.00,1.00,1.00,1.00,1.00,1.00,1.00,1.00,1.00,1.00",,2.58,1.00,,
lululemon all black everywhere belt bag,,20,"1.00,1.00,1.00,1.00,1.00,1.00,1.00,0.00,1.00,1.00,0.00,0.00",,0.00,0.00,,
lululemon athletica bags lululemon everywhere belt bag,,20,"0.00,0.00,0.00,0.00,0.00,0.00,0.00,0.00,0.00,0.00,1.00,0.11",,0.91,1.00,,
lululemon athletica everywhere belt bag 1l,,20,"1.00,1.00,1.00,1.00,1.00,1.00,1.00,1.00,1.00,1.00,1.00,1.00",,0.00,1.00,,
lululemon athletica everywhere fleece belt bag,,20,"1.00,0.60,0.60,0.60,0.60,0.60,0.60,0.60,0.60,0.60,0.60,0.60",,1.89,1.00,,
lululemon athletica lululemon everywhere belt bag,,20,"1.00,1.00,1.00,1.00,1.00,1.00,1.00,1.00,1.00,1.00,1.00,1.00",,0.00,1.00,,
lululemon athletica lululemon everywhere fleece belt bag,,20,"1.00,1.00,1.00,1.00,1.00,1.00,1.00,0.00,0.00,1.00,1.00,0.00",,0.00,0.00,,
lululemon bag everywhere belt,,20,"1.00,1.00,1.00,1.00,0.00,1.00,1.00,1.00,1.00,1.00,1.00,1.00",,0.00,1.00,,
lululemon belt bag everywhere black,,20,"1.00,1.00,1.00,1.00,0.00,1.00,1.00,1.00,0.00,1.00,1.00,1.00",,0.00,1.00,,
lululemon belt everywhere bag,,20,"1.00,1.00,1.00,1.00,1.00,1.00,1.00,1.00,1.00,1.00,1.00,1.00",,1.15,1.00,,
lululemon camo everywhere belt bag,,20,"1.00,1.00,1.00,1.00,1.00,1.00,1.00,1.00,1.00,1.00,1.00,1.00",,0.00,1.00,,
lululemon canada everywhere belt bag,,20,"1.00,1.00,1.00,1.00,0.00,0.00,1.00,1.00,1.00,1.00,1.00,1.00",,0.00,1.00,,
lululemon clean lines vs everywhere belt bag,,20,"1.00,1.00,1.00,1.00,1.00,1.00,1.00,1.00,1.00,1.00,1.00,1.00",,0.00,1.00,,
lululemon crossbody everywhere belt bag,,20,"1.00,1.00,1.00,1.00,1.00,1.00,1.00,1.00,1.00,1.00,1.00,1.00",,0.00,1.00,,
lululemon dupe everywhere belt bag,,20,"1.00,1.00,1.00,1.00,1.00,1.00,1.00,1.00,1.00,1.00,1.00,1.00",,0.00,0.80,,
lululemon everywhere 2l belt bag,,20,"1.00,1.00,1.00,1.00,1.00,1.00,1.00,1.00,0.00,1.00,1.00,1.00",,0.97,1.00,,
lululemon everywhere bag belt,,20,"1.00,1.00,1.00,1.00,1.00,1.00,1.00,1.00,1.00,1.00,1.00,1.00",,0.00,1.00,,
lululemon everywhere belt bag $38,,20,"1.00,1.00,0.00,1.00,1.00,1.00,0.00,1.00,1.00,1.00,1.00,0.00",,0.00,0.00,,
lululemon everywhere belt bag 1 l,,20,"0.00,0.00,0.00,0.00,0.00,0.00,0.07,0.00,0.00,0.21,1.00,0.35",,1.17,1.00,,
lululemon everywhere belt bag 1l pink pastel,,20,"0.14,0.14,0.28,0.71,0.14,0.71,0.42,0.14,0.14,0.14,1.00,0.28",,2.58,1.00,,
lululemon everywhere belt bag 1l red,,20,"1.00,1.00,1.00,1.00,1.00,0.00,0.00,1.00,1.00,1.00,1.00,1.00",,0.00,1.00,,
lululemon everywhere belt bag 1l red merlot,,20,"0.29,1.00,0.05,0.05,0.00,0.00,0.00,0.00,0.00,0.00,0.05,0.00",,1.17,1.00,,
lululemon everywhere belt bag 1l review,,20,"0.50,1.00,1.00,1.00,1.00,1.00,1.00,1.00",,0.00,1.00,,
lululemon everywhere belt bag 1l white opal,,20,"0.00,0.00,0.66,0.66,0.66,0.66,1.00,0.66,0.66,0.66,0.66,0.66",,0.00,1.00,,
lululemon everywhere belt bag 2022,,20,"1.00,0.18,0.18,0.00,0.00,0.00,0.18,0.00,0.18,0.18,0.18,0.00",,0.00,0.00,,
lululemon everywhere belt bag 2l black,,20,"1.00,1.00,1.00,1.00,1.00,1.00,1.00,1.00,1.00,1.00,1.00,1.00",,0.00,1.00,,
lululemon everywhere belt bag 2l review,,20,"0.00,0.66,0.66,0.66,0.66,0.66,0.66,0.66,0.66,1.00,1.00,0.66",,0.00,1.00,,
lululemon everywhere belt bag 2l vs 1l,,20,"1.00,1.00,1.00,1.00,1.00,1.00,1.00,1.00,1.00,1.00,1.00,1.00",,1.75,1.00,,
lululemon everywhere belt bag all black,,20,"1.00,1.00,1.00,1.00,1.00,1.00,1.00,1.00,1.00,1.00,1.00,1.00",,0.00,1.00,,
lululemon everywhere belt bag all colors,,20,"1.00,1.00,1.00,1.00,1.00,1.00,1.00,1.00,1.00,1.00,1.00,1.00",,0.00,0.95,,
lululemon everywhere belt bag alternative,,20,"1.00,1.00,1.00,1.00,1.00,1.00,1.00,1.00,1.00,1.00,1.00,1.00",,0.00,1.00,,
lululemon everywhere belt bag amazon,,20,"1.00,1.00,1.00,1.00,1.00,1.00,1.00,1.00,1.00,1.00,1.00,1.00",,0.00,1.00,,
lululemon everywhere belt bag amazon dupe,,20,"1.00,1.00,1.00,1.00,1.00,1.00,1.00,1.00,1.00,1.00,1.00,1.00",,0.00,1.00,,
lululemon everywhere belt bag ancient copper,,20,"1.00,1.00,1.00,1.00,1.00,1.00,1.00,1.00,1.00,0.00,1.00,0.00",,0.00,0.00,,
lululemon everywhere belt bag artifact,,20,"1.00,1.00,1.00,1.00,1.00,1.00,1.00,1.00,1.00,1.00,1.00,0.00",,0.00,1.00,,
lululemon everywhere belt bag asphalt grey,,20,"1.00,1.00,1.00,1.00,1.00,1.00,1.00,1.00,1.00,1.00,1.00,1.00",,0.00,1.00,,
lululemon everywhere belt bag australia,,20,"1.00,0.00,1.00,1.00,1.00,1.00,1.00,1.00,1.00,1.00,1.00,1.00",,0.00,1.00,,
lululemon everywhere belt bag best color,,20,"1.00,0.60,0.60,0.60,0.60,0.60,0.60,0.60,0.60,0.60,0.60,0.60",,0.00,0.81,,
lululemon everywhere belt bag black 1l,,20,"1.00,1.00,1.00,1.00,1.00,1.00,1.00,1.00,0.00,1.00,1.00,0.00",,0.00,1.00,,
lululemon everywhere belt bag black and white,,20,"1.00,1.00,1.00,1.00,1.00,1.00,1.00,1.00,1.00,1.00,1.00,1.00",,0.00,0.92,,
lululemon everywhere belt bag black camo,,20,"1.00,1.00,1.00,1.00,1.00,1.00,1.00,0.00,1.00,1.00,1.00,1.00",,0.00,1.00,,
lululemon everywhere belt bag black fleece,,20,"1.00,1.00,1.00,1.00,1.00,1.00,1.00,1.00,1.00,0.00,1.00,0.00",,0.00,0.00,,
lululemon everywhere belt bag black logo,,20,"1.00,1.00,1.00,1.00,1.00,1.00,1.00,1.00,1.00,1.00,1.00,1.00",,0.00,1.00,,
lululemon everywhere belt bag black on black,,20,"1.00,1.00,1.00,1.00,1.00,1.00,1.00,1.00,1.00,1.00,1.00,1.00",,0.00,1.00,,
lululemon everywhere belt bag black with white logo,,20,"1.00,1.00,1.00,1.00,1.00,1.00,1.00,1.00,1.00,1.00,1.00,1.00",,0.00,1.00,,
lululemon everywhere belt bag black/white,,20,"1.00,1.00,1.00,1.00,1.00,1.00,1.00,1.00,1.00,1.00,1.00,1.00",,0.00,1.00,,
lululemon everywhere belt bag brier rose,,20,"1.00,1.00,1.00,1.00,1.00,1.00,1.00,1.00,0.00,1.00,1.00,0.00",,0.00,0.00,,
lululemon everywhere belt bag brown,,20,"0.60,1.00,0.40,0.40,0.40,0.40,0.40,0.40,0.40,0.40,0.40,0.40",,1.21,1.00,,
lululemon everywhere belt bag burgundy,,20,"1.00,1.00,1.00,1.00,1.00,1.00,1.00,1.00,1.00,1.00,1.00,1.00",,0.00,1.00,,
lululemon everywhere belt bag canada,,20,"1.00,1.00,1.00,1.00,1.00,1.00,1.00,1.00,1.00,1.00,1.00,1.00",,0.00,0.96,,
lululemon everywhere belt bag caramel,,20,"1.00,1.00,1.00,0.00,1.00,1.00,1.00,1.00,1.00,1.00,1.00,1.00",,0.00,1.00,,
lululemon everywhere belt bag celebrities,,20,"0.00,0.00,0.50,1.00,0.50,0.50,0.50,0.50,0.50,0.50,0.50,0.50",,0.00,1.00,,
lululemon everywhere belt bag copper,,20,"1.00,0.00,0.00,1.00,1.00,1.00,1.00,1.00,1.00,1.00,1.00,1.00",,0.00,1.00,,
lululemon everywhere belt bag coral,,20,"1.00,1.00,1.00,1.00,1.00,1.00,1.00,1.00,1.00,0.00,1.00,1.00",,0.00,1.00,,
lululemon everywhere belt bag cream,,20,"1.00,1.00,1.00,1.00,1.00,1.00,1.00,1.00,1.00,1.00,1.00,1.00",,1.18,1.00,,
lululemon everywhere belt bag crossbody,,20,"1.00,1.00,1.00,1.00,1.00,1.00,1.00,1.00,1.00,1.00,1.00,1.00",,0.00,1.00,,
lululemon everywhere belt bag crossbody bag,,20,"1.00,1.00,1.00,1.00,1.00,1.00,1.00,1.00,1.00,1.00,1.00,1.00",,0.00,1.00,,
lululemon everywhere belt bag crossbody bag black,,20,"1.00,1.00,1.00,1.00,1.00,1.00,1.00,1.00,0.00,1.00,1.00,1.00",,0.00,1.00,,
lululemon everywhere belt bag discontinued,,20,"0.00,0.00,0.00,0.00,0.00,0.00,0.00,0.00,0.00,0.00,0.00,0.00",,0.00,1.00,,
lululemon everywhere belt bag dupe amazon,,20,"0.00,0.00,0.00,0.00,0.00,0.00,0.00,0.00,0.00,0.00,0.00,0.00",,0.00,1.00,,
lululemon everywhere belt bag dusky lavender,,20,"1.00,1.00,1.00,1.00,1.00,1.00,1.00,1.00,1.00,0.00,1.00,0.00",,0.00,0.00,,
lululemon everywhere belt bag ebay,,20,"1.00,1.00,1.00,1.00,1.00,1.00,1.00,1.00,1.00,1.00,1.00,1.00",,0.00,1.00,,
lululemon everywhere belt bag emerald ice,,20,"0.00,0.00,1.00,1.00,1.00,1.00,0.00,1.00,1.00,1.00,1.00,1.00",,0.00,1.00,,
lululemon everywhere belt bag everglade green,,20,"1.00,0.50,0.50,0.50,0.50,0.50,0.50,0.50,0.50,0.50,0.50,0.50",,0.00,1.00,,
lululemon everywhere belt bag extended strap length,,20,"1.00,1.00,1.00,1.00,1.00,1.00,1.00,1.00,1.00,1.00,1.00,1.00",,0.00,1.00,,
lululemon everywhere belt bag extender strap,,20,"0.64,0.64,0.00,0.64,1.00,0.64,0.64,0.64,0.64,0.64,0.64,0.64",,0.00,1.00,,
lululemon everywhere belt bag extension,,20,"1.00,1.00,1.00,1.00,1.00,1.00,1.00,0.00,1.00,1.00,1.00,1.00",,0.00,1.00,,
lululemon everywhere belt bag faded zap,,20,"1.00,1.00,1.00,0.00,1.00,1.00,1.00,0.00,1.00,0.00,1.00,1.00",,0.00,1.00,,
lululemon everywhere belt bag fake,,20,"1.00,0.00,1.00,1.00,1.00,1.00,1.00,1.00,1.00,1.00,1.00,1.00",,0.00,0.95,,
lululemon everywhere belt bag fleece black,,20,"1.00,1.00,1.00,1.00,1.00,1.00,1.00,0.00,1.00,1.00,1.00,1.00",,0.00,1.00,,
lululemon everywhere belt bag fluffy,,20,"1.00,1.00,1.00,1.00,1.00,1.00,1.00,1.00,1.00,1.00,1.00,1.00",,0.00,1.00,,
lululemon everywhere belt bag for sale,,20,"1.00,1.00,1.00,1.00,1.00,1.00,1.00,1.00,1.00,1.00,1.00,1.00",,0.00,1.00,,
lululemon everywhere belt bag fuzzy,,20,"1.00,1.00,1.00,1.00,1.00,1.00,1.00,1.00,1.00,1.00,1.00,1.00",,0.00,1.00,,
lululemon everywhere belt bag gold,,20,"1.00,0.50,0.50,0.50,0.50,0.50,0.50,0.50,0.50,0.50,0.50,0.50",,0.86,1.00,,
lululemon everywhere belt bag gold spice,,20,"1.00,1.00,1.00,1.00,1.00,1.00,1.00,1.00,1.00,1.00,1.00,1.00",,0.00,1.00,,
lululemon everywhere belt bag golden sand,,20,"1.00,1.00,1.00,1.00,1.00,1.00,1.00,0.00,0.00,0.00,1.00,1.00",,0.00,1.00,,
lululemon everywhere belt bag gray,,20,"1.00,1.00,1.00,1.00,1.00,1.00,1.00,1.00,1.00,1.00,1.00,1.00",,0.90,1.00,,
lululemon everywhere belt bag gray sage,,20,"1.00,1.00,1.00,1.00,1.00,1.00,1.00,1.00,1.00,1.00,1.00,1.00",,0.00,1.00,,
lululemon everywhere belt bag heritage camo,,20,"1.00,1.00,1.00,1.00,0.00,1.00,1.00,1.00,1.00,1.00,1.00,1.00",,0.00,1.00,,
lululemon everywhere belt bag hot pink,,20,"0.67,0.67,1.00,0.67,0.67,0.67,0.67,0.67,0.67,0.67,0.67,0.67",,0.00,1.00,,
lululemon everywhere belt bag how to adjust,,20,"0.00,0.00,1.00,1.00,1.00,1.00,1.00,1.00,1.00,1.00,1.00,1.00",,0.00,0.82,,
lululemon everywhere belt bag how to wear,,20,"1.00,1.00,1.00,1.00,1.00,1.00,1.00,1.00,1.00,1.00,1.00,1.00",,0.00,0.99,,
lululemon everywhere belt bag in black,,20,"1.00,1.00,1.00,1.00,1.00,1.00,1.00,1.00,1.00,1.00,1.00,1.00",,0.00,1.00,,
lululemon everywhere belt bag in store,,20,"1.00,1.00,0.00,1.00,1.00,1.00,1.00,0.00,1.00,1.00,1.00,1.00",,0.00,1.00,,
lululemon everywhere belt bag inside,,20,"1.00,1.00,1.00,1.00,1.00,1.00,1.00,1.00,1.00,1.00,1.00,1.00",,0.00,1.00,,
lululemon everywhere belt bag ivory,,20,"1.00,1.00,1.00,1.00,1.00,1.00,1.00,1.00,1.00,1.00,1.00,1.00",,0.00,1.00,,
lululemon everywhere belt bag knock off,,20,"1.00,1.00,1.00,1.00,1.00,0.00,1.00,1.00,1.00,1.00,1.00,1.00",,0.00,0.50,,
lululemon everywhere belt bag knockoff,,20,"1.00,1.00,1.00,1.00,1.00,1.00,1.00,1.00,1.00,1.00,1.00,1.00",,0.00,0.00,,
lululemon everywhere belt bag large 2l white opal,,20,"0.00,1.00,0.50",,0.00,1.00,,
lululemon everywhere belt bag large 2l wunder puff reviews,,20,1.00,,0.00,0.00,,
lululemon everywhere belt bag large black,,20,"1.00,1.00,1.00,1.00,1.00,1.00,1.00,1.00,1.00,1.00,1.00,1.00",,0.00,1.00,,
lululemon everywhere belt bag large review,,20,"1.00,1.00,1.00,1.00,1.00,1.00,1.00,1.00,1.00,1.00,1.00,1.00",,0.00,1.00,,
lululemon everywhere belt bag large silver drop,,20,"1.00,0.00,1.00,1.00,1.00,1.00,0.00,1.00,1.00,1.00,1.00,1.00",,0.00,1.00,,
lululemon everywhere belt bag large size,,20,"1.00,1.00,1.00,1.00,1.00,1.00,1.00,1.00,0.00,1.00,0.00,1.00",,0.00,1.00,,
lululemon everywhere belt bag lavender fog,,20,"1.00,1.00,1.00,1.00,1.00,0.00,1.00,0.00,1.00,1.00,1.00,0.00",,0.00,1.00,,
lululemon everywhere belt bag light blue,,20,"1.00,1.00,1.00,1.00,1.00,1.00,1.00,1.00,1.00,1.00,1.00,1.00",,0.00,1.00,,
lululemon everywhere belt bag lip gloss,,20,"0.00,0.00,0.00,1.00,0.50,0.50,0.50,0.50,0.50,0.50,0.50,0.50",,0.00,1.00,,
lululemon everywhere belt bag logo,,20,"1.00,1.00,1.00,1.00,1.00,1.00,1.00,1.00,1.00,1.00,1.00,1.00",,0.00,1.00,,
lululemon everywhere belt bag logo strap,,20,"1.00,1.00,1.00,1.00,1.00,1.00,1.00,1.00,1.00,1.00,1.00,1.00",,0.96,1.00,,
lululemon everywhere belt bag long strap,,20,"0.00,0.00,0.00,0.00,0.00,0.00,0.00,0.00,0.00,1.00,0.36,0.27",,1.33,1.00,,
lululemon everywhere belt bag look alike,,20,"1.00,1.00,1.00,1.00,1.00,1.00,1.00,1.00,1.00,1.00,1.00,0.00",,0.00,0.00,,
lululemon everywhere belt bag lunar new year,,20,"1.00,1.00,1.00,1.00,1.00,1.00,0.00,1.00,0.00,1.00,1.00,1.00",,0.00,1.00,,
lululemon everywhere belt bag maroon,,20,"1.00,1.00,1.00,1.00,1.00,1.00,1.00,1.00,1.00,1.00,1.00,1.00",,0.00,0.67,,
lululemon everywhere belt bag material,,20,"1.00,1.00,1.00,1.00,1.00,1.00,1.00,1.00,1.00,1.00,0.00,1.00",,0.00,1.00,,
lululemon everywhere belt bag measurements,,20,"1.00,1.00,1.00,1.00,1.00,1.00,1.00,1.00,1.00,1.00,1.00,1.00",,0.00,1.00,,
lululemon everywhere belt bag merlot,,20,"1.00,1.00,1.00,1.00,1.00,1.00,1.00,1.00,0.00,1.00,0.00,0.00",,0.00,0.00,,
lululemon everywhere belt bag mini,,20,"1.00,0.47,0.74,0.47,0.74,0.74,0.47,0.47,0.47,0.47,0.47,0.47",,0.91,1.00,,
lululemon everywhere belt bag mint moment,,20,"0.00,0.00,1.00,1.00,1.00,1.00,1.00,1.00,1.00,1.00,1.00,1.00",,0.00,1.00,,
lululemon everywhere belt bag mulled wine,,20,"0.00,0.00,1.00,1.00,1.00,0.00,1.00,1.00,1.00,1.00,1.00,1.00",,0.00,1.00,,
lululemon everywhere belt bag navy,,20,"1.00,1.00,1.00,1.00,1.00,1.00,1.00,1.00,1.00,0.50,1.00,1.00",,0.00,1.00,,
lululemon everywhere belt bag near me,,20,"1.00,1.00,1.00,1.00,1.00,1.00,1.00,1.00,1.00,1.00,1.00,1.00",,1.20,0.97,,
lululemon everywhere belt bag neo mint,,20,"1.00,1.00,1.00,1.00,1.00,1.00,1.00,1.00,1.00,1.00,1.00,1.00",,0.00,1.00,,
lululemon everywhere belt bag neon,,20,"1.00,1.00,1.00,1.00,1.00,1.00,1.00,1.00,1.00,1.00,1.00,1.00",,0.00,1.00,,
lululemon everywhere belt bag neon green,,20,"1.00,1.00,1.00,1.00,1.00,1.00,0.00,0.00,1.00,1.00,1.00,0.00",,0.00,0.00,,
lululemon everywhere belt bag new colors,,20,"1.00,1.00,1.00,1.00,1.00,1.00,1.00,1.00,1.00,0.00,1.00,1.00",,0.00,1.00,,
lululemon everywhere belt bag nordstrom,,20,"1.00,1.00,1.00,1.00,0.00,1.00,1.00,1.00,1.00,1.00,1.00,1.00",,0.00,1.00,,
lululemon everywhere belt bag nude,,20,"1.00,1.00,1.00,1.00,0.00,1.00,0.00,1.00,0.00,1.00,1.00,1.00",,0.00,1.00,,
lululemon everywhere belt bag old version,,20,"1.00,1.00,1.00,1.00,1.00,1.00,1.00,1.00,1.00,1.00,1.00,0.00",,0.00,0.00,,
lululemon everywhere belt bag olive,,20,"1.00,1.00,0.00,1.00,1.00,1.00,1.00,1.00,1.00,1.00,1.00,1.00",,0.00,1.00,,
lululemon everywhere belt bag on plus size,,20,"1.00,1.00,1.00,1.00,1.00,1.00,1.00,1.00,1.00,0.00,1.00,0.00",,0.00,0.00,,
lululemon everywhere belt bag opal,,20,"1.00,0.39,0.39,0.39,0.39,0.61,0.39,0.39,0.39,0.39,0.39,0.39",,0.00,1.00,,
lululemon everywhere belt bag opal white,,20,"1.00,1.00,1.00,1.00,1.00,1.00,1.00,1.00,1.00,1.00,1.00,1.00",,0.00,1.00,,
lululemon everywhere belt bag orange,,20,"1.00,1.00,1.00,1.00,1.00,1.00,1.00,1.00,1.00,1.00,1.00,1.00",,0.00,1.00,,
lululemon everywhere belt bag original,,20,"1.00,0.64,1.00,0.64,0.64,0.64,0.64,0.64,0.64,0.64,0.64,0.64",,0.00,1.00,,
lululemon everywhere belt bag pale raspberry,,20,"1.00,1.00,1.00,1.00,1.00,1.00,1.00,1.00,1.00,1.00,0.00,1.00",,0.00,1.00,,
lululemon everywhere belt bag pastel pink,,20,"1.00,1.00,1.00,1.00,1.00,1.00,1.00,1.00,1.00,1.00,1.00,1.00",,0.00,0.71,,
lululemon everywhere belt bag pink savannah,,20,"1.00,1.00,1.00,1.00,1.00,1.00,1.00,1.00,1.00,1.00,1.00,1.00",,0.00,1.00,,
lululemon everywhere belt bag pink taupe,,20,"1.00,1.00,1.00,1.00,1.00,1.00,1.00,1.00,1.00,1.00,1.00,1.00",,0.00,0.99,,
lululemon everywhere belt bag plus size,,20,"1.00,1.00,1.00,1.00,1.00,1.00,1.00,1.00,1.00,0.00,1.00,1.00",,0.00,1.00,,
lululemon everywhere belt bag price,,20,"1.00,1.00,1.00,1.00,1.00,1.00,1.00,1.00,1.00,1.00,1.00,1.00",,0.00,1.00,,
lululemon everywhere belt bag rabbit,,20,"1.00,1.00,1.00,1.00,0.00,1.00,0.00,0.00,1.00,1.00,1.00,1.00",,0.00,1.00,,
lululemon everywhere belt bag raspberry,,20,"1.00,1.00,1.00,1.00,1.00,1.00,1.00,1.00,1.00,1.00,1.00,0.00",,0.00,0.00,,
lululemon everywhere belt bag red merlot,,20,"1.00,1.00,1.00,1.00,1.00,1.00,1.00,1.00,1.00,1.00,1.00,1.00",,0.00,1.00,,
lululemon everywhere belt bag regular vs large,,20,"1.00,0.00,1.00,1.00,1.00,1.00,1.00,0.00,0.00,1.00,1.00,1.00",,0.00,1.00,,
lululemon everywhere belt bag restock notification,,20,"1.00,1.00,1.00,1.00,1.00,1.00,1.00,1.00,1.00,1.00,1.00,1.00",,0.00,0.10,,
lululemon everywhere belt bag rose,,20,"1.00,1.00,1.00,1.00,1.00,1.00,1.00,0.00,0.00,0.00,1.00,1.00",,0.00,1.00,,
lululemon everywhere belt bag sage,,20,"1.00,1.00,1.00,1.00,1.00,1.00,1.00,1.00,1.00,1.00,1.00,1.00",,0.00,1.00,,
lululemon everywhere belt bag sage green,,20,"1.00,1.00,1.00,1.00,1.00,1.00,1.00,1.00,1.00,1.00,1.00,1.00",,0.00,1.00,,
lululemon everywhere belt bag seal grey,,20,"1.00,1.00,1.00,1.00,1.00,0.00,1.00,1.00,0.00,1.00,1.00,1.00",,0.00,1.00,,
lululemon everywhere belt bag silver drop/white,,20,"1.00,1.00,1.00,1.00,1.00,1.00,1.00,1.00,1.00,1.00,1.00,1.00",,0.00,1.00,,
lululemon everywhere belt bag similar,,20,"1.00,1.00,0.00,1.00,1.00,1.00,1.00,0.00,1.00,1.00,1.00,0.00",,0.00,0.00,,
lululemon everywhere belt bag size comparison,,20,"1.00,1.00,1.00,1.00,1.00,1.00,1.00,1.00,1.00,1.00,1.00,1.00",,0.00,0.43,,
lululemon everywhere belt bag sizes,,20,"0.48,0.48,0.48,0.48,0.48,0.48,1.00,0.48,0.48,0.48,0.48,0.48",,6.28,1.00,,
lululemon everywhere belt bag small,,20,"1.00,1.00,1.00,1.00,1.00,1.00,1.00,1.00,1.00,1.00,1.00,1.00",,0.00,1.00,,
lululemon everywhere belt bag small vs large,,20,"1.00,1.00,1.00,1.00,1.00,1.00,1.00,1.00,1.00,1.00,1.00,1.00",,0.00,1.00,,
lululemon everywhere belt bag strap extender,,20,"1.00,1.00,1.00,1.00,1.00,1.00,1.00,1.00,1.00,0.00,1.00,1.00",,0.00,1.00,,
lululemon everywhere belt bag strap length,,20,"1.00,1.00,1.00,1.00,1.00,1.00,1.00,1.00,1.00,1.00,1.00,1.00",,0.00,0.86,,
lululemon everywhere belt bag summer glow,,20,"0.00,1.00,1.00,1.00,1.00,1.00,1.00,1.00,1.00",,0.00,1.00,,
lululemon everywhere belt bag sunray yellow,,20,"1.00,1.00,1.00,1.00,1.00,0.00,1.00,1.00,0.00,1.00,1.00,0.00",,0.00,0.00,,
lululemon everywhere belt bag tan,,20,"1.00,1.00,1.00,1.00,1.00,1.00,1.00,1.00,1.00,1.00,1.00,1.00",,0.00,1.00,,
lululemon everywhere belt bag teal,,20,"0.48,1.00,0.48,1.00,0.48,0.74,0.48,0.48,0.48,0.48,0.48,0.48",,0.00,1.00,,
lululemon everywhere belt bag tiktok,,20,"1.00,1.00,1.00,1.00,1.00,1.00,1.00,1.00,1.00,1.00,1.00,1.00",,0.00,1.00,,
lululemon everywhere belt bag true navy,,20,"1.00,1.00,1.00,1.00,1.00,1.00,1.00,1.00,1.00,1.00,1.00,0.00",,0.00,1.00,,
lululemon everywhere belt bag twilight rose,,20,"0.00,0.00,0.00,1.00,1.00,1.00,1.00,1.00,1.00,1.00,1.00,1.00",,0.00,1.00,,
lululemon everywhere belt bag uk,,20,"0.00,1.00,1.00,1.00,1.00,1.00,1.00,1.00,1.00,1.00,1.00,1.00",,0.00,1.00,,
lululemon everywhere belt bag used,,20,"1.00,1.00,1.00,1.00,1.00,1.00,1.00,1.00,1.00,1.00,1.00,1.00",,0.00,1.00,,
lululemon everywhere belt bag velour 1l,,20,"1.00,1.00,1.00,1.00,1.00,1.00,1.00,1.00,1.00,0.00,1.00,1.00",,0.00,1.00,,
lululemon everywhere belt bag vs clean lines belt bag,,20,"1.00,1.00,1.00,1.00,1.00,1.00,1.00,1.00,0.00,1.00,1.00,0.00",,0.00,0.00,,
lululemon everywhere belt bag vs large,,20,"1.00,1.00,1.00,1.00,1.00,1.00,1.00,1.00,1.00,1.00,1.00,1.00",,0.00,1.00,,
lululemon everywhere belt bag vs mini,,20,"1.00,1.00,1.00,1.00,1.00,1.00,1.00,1.00,1.00,1.00,1.00,1.00",,0.00,1.00,,
lululemon everywhere belt bag vs mini belt bag,,20,"1.00,0.00,1.00,1.00,1.00,1.00,1.00,1.00,1.00,1.00,1.00,1.00",,0.00,0.48,,
lululemon everywhere belt bag walmart,,20,"1.00,1.00,1.00,1.00,1.00,1.00,1.00,1.00,1.00,1.00,1.00,1.00",,0.00,1.00,,
lululemon everywhere belt bag white camo,,20,"1.00,1.00,1.00,1.00,1.00,1.00,1.00,1.00,1.00,0.00,0.00,0.00",,0.00,0.00,,
lululemon everywhere belt bag with extended strap,,20,"1.00,1.00,1.00,1.00,1.00,1.00,1.00,1.00,0.00,0.00,0.00,1.00",,0.00,1.00,,
lululemon everywhere belt bag with logo strap,,20,"1.00,1.00,1.00,1.00,1.00,1.00,1.00,1.00,1.00,1.00,1.00,1.00",,0.99,1.00,,
lululemon everywhere belt bag wordmark,,20,"1.00,1.00,1.00,1.00,1.00,1.00,1.00,1.00,1.00,1.00,1.00,1.00",,0.00,1.00,,
lululemon everywhere belt bag wunder puff,,20,"0.00,0.00,0.00,0.00,0.00,0.00,0.00,0.00,0.00,0.00,1.00,0.81",,1.30,1.00,,
lululemon everywhere belt bag zipper,,20,"1.00,1.00,0.00,1.00,1.00,1.00,1.00,1.00,1.00,0.00,1.00,1.00",,0.00,1.00,,
lululemon everywhere belt bags,,20,"0.27,0.27,0.42,0.27,0.42,0.27,1.00,0.12,0.00,0.12,0.00,0.00",,0.92,1.00,,
lululemon everywhere belt.bag,,20,"1.00,0.67,1.00,0.67,0.67,0.00,1.00,0.33,0.33,0.67,0.67,0.33",,0.92,1.00,,
lululemon everywhere black belt bag,,20,"1.00,1.00,1.00,1.00,1.00,1.00,1.00,1.00,1.00,1.00,1.00,1.00",,1.30,1.00,,
lululemon everywhere crossbody belt bag,,20,"1.00,1.00,1.00,1.00,1.00,1.00,0.00,1.00,1.00,1.00,1.00,1.00",,0.00,1.00,,
lululemon everywhere extended belt bag,,20,"1.00,1.00,1.00,1.00,1.00,1.00,0.00,1.00,1.00,0.00,1.00,1.00",,0.00,1.00,,
lululemon everywhere fleece belt bag black,,20,"1.00,1.00,1.00,1.00,1.00,1.00,1.00,1.00,0.00,1.00,1.00,0.00",,0.00,0.00,,
lululemon everywhere fleece belt bag burnt caramel,,20,"1.00,1.00,1.00,1.00,1.00,1.00,1.00,1.00,1.00,1.00,1.00,1.00",,0.00,1.00,,
lululemon everywhere fleece belt bag crossbody bag,,20,"1.00,1.00,1.00,1.00,1.00,1.00,1.00,1.00,1.00,1.00,1.00,1.00",,0.00,1.00,,
lululemon everywhere fleece belt bag light ivory,,20,"1.00,1.00,1.00,1.00,1.00,1.00,0.00,1.00,1.00,1.00,1.00,0.00",,0.00,0.00,,
lululemon everywhere large belt bag,,20,"1.00,1.00,1.00,1.00,1.00,1.00,1.00,1.00,1.00,1.00,1.00,1.00",,0.00,1.00,,
lululemon everywhere logo-print belt bag,,20,"1.00,1.00,1.00,1.00,1.00,1.00,1.00,1.00,1.00,0.00,1.00,0.00",,0.00,0.00,,
lululemon everywhere mini belt bag,,20,"1.00,1.00,1.00,1.00,1.00,0.00,1.00,0.00,1.00,0.00,1.00,1.00",,0.00,0.90,,
lululemon everywhere sherpa belt bag,,20,"1.00,1.00,1.00,1.00,1.00,1.00,1.00,1.00,1.00,1.00,1.00,0.00",,0.00,0.00,,
lululemon everywhere velour belt bag,,20,"1.00,1.00,1.00,1.00,1.00,0.00,1.00,1.00,1.00,1.00,1.00,1.00",,0.00,1.00,,
lululemon fuzzy everywhere belt bag,,20,"1.00,1.00,1.00,1.00,1.00,1.00,1.00,1.00,1.00,1.00,1.00,1.00",,0.00,1.00,,
lululemon go everywhere belt bag,,20,"1.00,0.64,1.00,0.64,0.64,0.64,0.64,0.64,0.64,0.64,0.64,0.64",,0.00,0.67,,
lululemon gray everywhere belt bag,,20,"1.00,1.00,1.00,1.00,1.00,1.00,1.00,1.00,1.00,1.00,1.00,1.00",,0.00,1.00,,
lululemon green everywhere belt bag,,20,"1.00,1.00,1.00,1.00,1.00,1.00,1.00,1.00,1.00,1.00,1.00,1.00",,0.00,1.00,,
lululemon grey everywhere belt bag,,20,"1.00,1.00,1.00,1.00,1.00,1.00,1.00,1.00,1.00,1.00,1.00,1.00",,1.04,1.00,,
lululemon lunar new year everywhere belt bag,,20,"1.00,1.00,1.00,1.00,1.00,1.00,0.00,1.00,1.00,0.00,0.00,1.00",,0.00,1.00,,
lululemon mini belt bag vs everywhere,,20,"1.00,1.00,1.00,1.00,1.00,1.00,1.00,1.00,1.00,1.00,1.00,1.00",,0.00,1.00,,
lululemon mini belt bag vs everywhere belt bag,,20,"1.00,1.00,1.00,1.00,1.00,1.00,1.00,1.00,1.00,1.00,1.00,1.00",,0.00,1.00,,
lululemon mini everywhere belt bag,,20,"1.00,1.00,1.00,1.00,1.00,1.00,1.00,1.00,1.00,1.00,1.00,1.00",,0.00,1.00,,
lululemon mini vs everywhere belt bag,,20,"1.00,1.00,1.00,1.00,1.00,1.00,1.00,1.00,1.00,1.00,0.00,0.00",,0.00,1.00,,
lululemon new year everywhere belt bag,,20,"1.00,1.00,1.00,1.00,0.00,1.00,1.00,0.00,1.00,1.00,1.00,1.00",,0.00,1.00,,
lululemon original everywhere belt bag,,20,"1.00,1.00,1.00,1.00,1.00,1.00,1.00,1.00,1.00,1.00,1.00,1.00",,0.00,1.00,,
lululemon quilted everywhere belt bag,,20,"0.67,0.67,0.67,0.67,0.67,0.00,0.67,0.67,0.67,0.67,1.00,0.67",,0.00,1.00,,
lululemon red everywhere belt bag,,20,"1.00,1.00,1.00,1.00,1.00,1.00,1.00,1.00,1.00,1.00,1.00,1.00",,0.97,1.00,,
lululemon sherpa everywhere belt bag,,20,"1.00,1.00,1.00,1.00,1.00,1.00,1.00,1.00,1.00,1.00,1.00,1.00",,0.00,1.00,,
lululemon silver everywhere belt bag,,20,"1.00,1.00,1.00,1.00,1.00,1.00,1.00,1.00,1.00,1.00,1.00,1.00",,0.00,1.00,,
lululemon sonic pink everywhere belt bag,,20,"1.00,1.00,1.00,1.00,1.00,1.00,1.00,1.00,1.00,1.00,1.00,1.00",,0.00,1.00,,
lululemon tan everywhere belt bag,,20,"1.00,1.00,1.00,1.00,1.00,1.00,1.00,1.00,1.00,1.00,1.00,1.00",,0.00,1.00,,
lululemon velour everywhere belt bag,,20,"1.00,1.00,1.00,1.00,1.00,1.00,1.00,1.00,1.00,1.00,1.00,1.00",,0.00,1.00,,
lululemon wear everywhere belt bag dupe,,20,"1.00,1.00,1.00,1.00,1.00,1.00,1.00,1.00,1.00,1.00,1.00,1.00",,0.00,1.00,,
lululemon white opal everywhere belt bag,,20,"1.00,1.00,1.00,1.00,1.00,1.00,1.00,1.00,1.00,1.00,1.00,1.00",,0.00,1.00,,
lululemon.com everywhere belt bag,,20,"1.00,1.00,1.00,1.00,1.00,1.00,1.00,1.00,1.00,1.00,1.00,1.00",,0.00,0.86,,
new lululemon everywhere belt bag,,20,"1.00,1.00,1.00,1.00,1.00,1.00,1.00,1.00,1.00,1.00,1.00,1.00",,0.00,0.57,,
nwt lululemon everywhere belt bag,,20,"1.00,1.00,1.00,1.00,1.00,1.00,1.00,1.00,1.00,1.00,1.00,1.00",,0.00,1.00,,
original lululemon everywhere belt bag,,20,"1.00,1.00,1.00,1.00,1.00,1.00,1.00,1.00,1.00,1.00,1.00,1.00",,0.00,1.00,,
pink everywhere belt bag lululemon,,20,"1.00,1.00,1.00,1.00,1.00,1.00,0.00,1.00,0.00,1.00,1.00,1.00",,0.00,1.00,,
size of lululemon everywhere belt bag,,20,"0.00,1.00,1.00,1.00,1.00,1.00,1.00,1.00,1.00,1.00,1.00,1.00",,0.00,1.00,,
sonic pink lululemon everywhere belt bag,,20,"1.00,1.00,1.00,1.00,1.00,1.00,1.00,0.00,1.00,1.00,1.00,1.00",,0.00,1.00,,
the everywhere belt bag lululemon,,20,"1.00,1.00,1.00,1.00,1.00,1.00,1.00,1.00,1.00,1.00,1.00,1.00",,0.00,1.00,,
the lululemon everywhere belt bag,,20,"1.00,1.00,1.00,1.00,1.00,1.00,1.00,1.00,1.00,1.00,1.00,0.00",,0.00,0.00,,
tidewater teal lululemon everywhere belt bag,,20,"1.00,1.00,1.00,1.00,1.00,1.00,1.00,0.00,0.00,1.00,1.00,0.00",,0.00,0.00,,
used lululemon everywhere belt bag,,20,"1.00,1.00,1.00,1.00,1.00,1.00,1.00,1.00,1.00,1.00,1.00,1.00",,0.00,1.00,,
wear everywhere belt bag lululemon,,20,"1.00,1.00,0.00,1.00,1.00,1.00,1.00,1.00,1.00,1.00,1.00,1.00",,0.00,1.00,,
what fits in lululemon everywhere belt bag,,20,"1.00,1.00,1.00,1.00,1.00,1.00,1.00,1.00,1.00,1.00,1.00,1.00",,0.00,1.00,,
when does lululemon restock everywhere belt bag,,20,"1.00,1.00,1.00,1.00,1.00,1.00,1.00,1.00,0.00,1.00,1.00,0.00",,0.00,0.00,,
when will lululemon restock everywhere belt bag,,20,"1.00,1.00,1.00,1.00,1.00,1.00,1.00,1.00,1.00,1.00,1.00,0.00",,0.00,0.00,,
where to buy lululemon everywhere belt bag,,20,"1.00,1.00,1.00,1.00,1.00,1.00,1.00,1.00,0.00,1.00,1.00,1.00",,0.00,1.00,,
white everywhere belt bag lululemon,,20,"1.00,1.00,0.00,1.00,1.00,1.00,1.00,1.00,1.00,1.00,1.00,1.00",,0.00,1.00,,
white lululemon everywhere belt bag,,20,"1.00,0.64,0.64,0.64,0.64,0.64,0.64,0.64,0.64,0.64,0.64,0.64",,1.08,1.00,,
white opal lululemon everywhere belt bag,,20,"1.00,1.00,1.00,1.00,1.00,1.00,1.00,1.00,1.00,1.00,1.00,1.00",,0.00,1.00,,
woot lululemon everywhere belt bag,,20,"1.00,1.00,1.00,1.00,1.00,1.00",,0.00,0.91,,
belt bag lululemon everywhere,,10,"0.00,0.00,0.00,1.00,0.00,0.00,0.00,0.00,1.00,0.00,1.00,1.00",,0.00,1.00,,
buy lululemon everywhere belt bag,,10,"1.00,1.00,1.00,1.00,1.00,1.00,1.00,0.00,0.00,0.00,0.00,1.00",,0.00,1.00,,
did lululemon discontinue the everywhere belt bag,,10,"1.00,1.00,0.00,0.00,0.00,1.00,1.00,1.00,0.00,0.00,0.00,0.00",,0.00,0.00,,
did lululemon get rid of the everywhere belt bag,,10,"0.00,1.00,1.00,1.00,1.00,0.00,0.00,0.00,0.00,0.00,0.00,0.00",,0.00,0.00,,
did lululemon stop making the everywhere belt bag,,10,"0.00,1.00,0.00,1.00,1.00,1.00,1.00,0.00,0.00,0.00,0.00,1.00",,0.00,0.57,,
did lululemon stop selling the everywhere belt bag,,10,"0.00,1.00,0.00,1.00,1.00,0.00,0.00,0.00,1.00,0.00,1.00,0.00",,0.00,0.00,,
dimensions of lululemon everywhere belt bag,,10,"0.00,0.00,0.00,0.00,0.00,0.00,1.00,1.00,0.00,0.00,0.00,1.00",,0.00,0.94,,
does lululemon still sell the everywhere belt bag,,10,"1.00,1.00,0.00,1.00,0.00,1.00,1.00,0.00,0.00,0.00,0.00,0.00",,0.00,0.00,,
everywhere belt bag extender strap lululemon,,10,"1.00,1.00,0.50,1.00,0.50,0.50,1.00,0.00,0.50,0.50,0.50,0.00",,0.00,0.00,,
everywhere belt bag lululemon price,,10,"1.00,1.00,0.00,1.00,0.00,1.00,0.00,0.00,1.00,1.00,1.00,1.00",,0.00,0.80,,
everywhere belt bag lululemon red,,10,"1.00,1.00,1.00,1.00,1.00,1.00,0.00,0.00,1.00,0.00,1.00,0.00",,0.00,0.00,,
everywhere belt bag lululemon restock,,10,"1.00,1.00,1.00,1.00,1.00,0.00,1.00,0.00,0.00,0.00,1.00,0.00",,0.00,0.00,,
everywhere belt bag lululemon trench,,10,"0.00,1.00,1.00,0.00,1.00,1.00,0.00,0.00,1.00,1.00,1.00,0.00",,0.00,0.00,,
everywhere belt bag. $38 at lululemon,,10,"0.00,0.00,0.00,0.00,0.00,0.00,0.00,0.00,0.00,1.00,0.28,0.00",,0.00,0.00,,
everywhere belt bag. $38 at lululemon.,,10,"1.00,1.00,1.00,1.00,1.00,1.00,0.00,0.00,0.00,1.00,0.00,0.00",,0.00,0.00,,
everywhere belt bags lululemon,,10,"1.00,0.00,0.00,1.00,1.00,1.00,1.00,0.00,0.00,0.00,0.00,0.00",,0.00,0.00,,
how to get a lululemon everywhere belt bag,,10,"0.00,0.00,0.00,1.00,0.00,0.00,1.00,0.00,1.00,0.00,1.00,0.00",,0.00,0.00,,
is lululemon going to restock the everywhere belt bag,,10,"0.00,0.00,1.00,1.00,0.00,0.00,0.00,1.00,1.00,0.00,1.00,0.00",,0.00,0.00,,
is the lululemon everywhere belt bag discontinued,,10,"0.00,1.00,1.00,0.00,0.00,1.00,0.00,1.00,0.00,0.00,0.00,0.00",,0.00,0.00,,
knock off lululemon everywhere belt bag,,10,"0.00,1.00,0.00,1.00,0.00,0.00,1.00,1.00,1.00,1.00,0.00,1.00",,0.00,0.00,,
lululemon 1l everywhere belt bag logo strap,,10,"0.00,0.00,0.00,0.00,0.00,0.00,0.00,0.00,0.00,0.36,1.00,0.18",,0.00,1.00,,
lululemon athletica everywhere belt bag 2l large,,10,"0.33,0.00,0.00,0.33,0.33,0.66,0.66,0.66,0.66,0.66,1.00,0.66",,2.06,1.00,,
lululemon athletica everywhere belt bag dupe,,10,"1.00,1.00,0.00,1.00,1.00,1.00,0.00,0.00,1.00,1.00,0.00,1.00",,0.00,1.00,,
lululemon athletica everywhere belt bag grsg,,10,"0.00,0.00,0.00,0.00,0.00,0.00,0.00,0.00,1.00,1.00,1.00,1.00",,7.75,1.00,,
lululemon athletica everywhere belt bag lipgloss,,10,"1.00,0.00",,0.00,0.00,,
lululemon athletica large lululemon everywhere belt bag,,10,"0.00,0.00,0.00,0.00,1.00,1.00,1.00,0.00,0.00,0.00,1.00,0.00",,0.00,0.00,,
lululemon bag everywhere belt bag,,10,"0.00,0.00,0.00,0.00,0.00,0.00,0.00,1.00,0.00,1.00,1.00,0.00",,0.92,1.00,,
lululemon belt bag everywhere restock,,10,"1.00,0.00,1.00,0.00,0.00,0.00,0.00,0.00,1.00,0.00,0.00,0.00",,0.00,0.00,,
lululemon clear everywhere belt bag,,10,"0.00,0.00,0.00,0.00,0.00,0.00,1.00,0.50,0.50,0.50,0.50,0.50",,0.00,1.00,,
lululemon everywhere belt bag 1l - black,,10,"0.00,0.00,0.00,0.00,0.00,0.00,0.00,0.00,0.20,0.20,1.00,0.00",,0.00,0.97,,
lululemon everywhere belt bag 1l black/gold,,10,"0.00,0.00,0.00,0.00,0.00,0.00,0.00,1.00,1.00,1.00,1.00,1.00",,0.00,0.36,,
lululemon everywhere belt bag 1l quilted velour,,10,"0.00,1.00",,1.12,1.00,,
lululemon everywhere belt bag 1l reviews,,10,"0.00,0.00,0.00,0.00,0.00,0.00,0.00,0.00,0.00,0.00,1.00,1.00",,0.00,0.99,,
lululemon everywhere belt bag 1l sonic pink,,10,"0.00,0.00,0.00,0.00,0.00,0.66,0.66,0.66,0.66,0.66,1.00,0.66",,0.00,1.00,,
lululemon everywhere belt bag 1l vapor/gold/white,,10,"0.00,0.00,0.00,0.00,0.00,0.00,0.00,0.00,0.00,0.00,1.00,0.18",,3.12,1.00,,
lululemon everywhere belt bag 1l velour,,10,"1.00,1.00,1.00,0.00,0.00,1.00,1.00,0.00,0.00,0.00,1.00,1.00",,0.00,1.00,,
lululemon everywhere belt bag 1l white,,10,"0.00,0.00,0.00,0.00,0.00,0.50,0.50,0.50,0.50,0.50,1.00,0.50",,1.84,1.00,,
lululemon everywhere belt bag allspice,,10,"0.00,0.00,0.00,0.00,0.00,0.00,0.00,1.00,1.00,1.00,1.00,1.00",,0.00,1.00,,
lululemon everywhere belt bag autumn orange,,10,"1.00,1.00,1.00,1.00,0.00,0.00,1.00,1.00,1.00,0.00,0.00,0.00",,0.00,0.00,,
lululemon everywhere belt bag back in stock,,10,"1.00,1.00,0.00,0.00,0.00,1.00,1.00,0.00,0.00,0.00,0.00,0.00",,0.00,0.00,,
lululemon everywhere belt bag black fast ship,,10,"1.00,0.00,0.00,1.00,1.00,1.00,1.00,0.00,1.00,0.00,0.00,0.00",,0.00,0.00,,
lululemon everywhere belt bag black large,,10,"0.00,0.00,0.00,0.00,0.00,1.00,0.00,0.00,0.00,1.00,1.00,1.00",,0.00,1.00,,
lululemon everywhere belt bag briar rose,,10,"1.00,1.00,1.00,0.00,1.00,1.00,1.00,0.00,0.00,0.00,1.00,0.00",,0.00,0.00,,
lululemon everywhere belt bag bronze green,,10,"0.00,1.00,1.00,0.00,1.00,1.00,1.00,1.00,1.00,0.00,0.00,0.00",,0.00,0.00,,
lululemon everywhere belt bag carnation red,,10,"1.00,1.00,1.00,1.00,1.00,0.00,1.00,1.00,0.00,1.00,0.00,0.00",,0.00,0.00,,
lululemon everywhere belt bag clear,,10,"0.00,0.00,0.00,0.00,0.00,0.00,1.00,1.00,1.00,1.00,1.00,1.00",,0.00,1.00,,
lululemon everywhere belt bag colours,,10,"0.00,0.00,0.00,1.00,0.00,1.00,0.00,0.00,0.00,0.00,1.00,0.00",,0.00,0.00,,
lululemon everywhere belt bag copper clay,,10,"0.00,0.00,1.00,1.00,0.00,1.00,0.00,1.00,0.00,0.00,1.00,1.00",,0.00,1.00,,
lululemon everywhere belt bag cost,,10,"1.00,0.00,1.00,1.00,1.00,1.00,0.00,0.00,1.00,0.00,1.00,1.00",,0.00,0.00,,
lululemon everywhere belt bag extended strap,,10,"1.00,0.60,0.60,0.60,0.00,0.60,0.20,0.00,0.00,0.60,0.20,0.20",,0.60,1.00,,
lululemon everywhere belt bag extended strap review,,10,"1.00,0.00,0.00,0.00,0.00,1.00,0.00,0.00,0.00,0.00,0.00,1.00",,0.00,0.00,,
lululemon everywhere belt bag extended strap vapor/seal grey/iron blue,,10,"1.00,0.00,0.00,0.00,0.00,1.00,0.00,0.00,0.00,0.00,1.00,0.00",,0.00,0.00,,
lululemon everywhere belt bag fleece ivory,,10,"1.00,1.00,0.00,0.00,0.00,0.00,1.00,0.00,1.00,0.00,0.00,0.00",,0.00,0.00,,
lululemon everywhere belt bag fleece white,,10,"1.00,1.00,0.00,0.00,0.00,0.00,1.00,0.00,1.00,1.00,1.00,1.00",,0.00,1.00,,
lululemon everywhere belt bag in stock,,10,"1.00,0.00,1.00,1.00,1.00,1.00,0.00,1.00,1.00,0.00,1.00,0.00",,0.00,0.00,,
lululemon everywhere belt bag lu9ax2s,,10,"1.00,0.00,0.00,0.00,0.00,0.00,0.00,0.00,0.00,0.00,1.00,1.00",,1.38,1.00,,
lululemon everywhere belt bag men,,10,"0.00,0.45,0.45,1.00,1.00,1.00,1.00,0.45,0.45,0.00,0.45,0.00",,0.00,1.00,,
lululemon everywhere belt bag multi,,10,"1.00,1.00,1.00,0.00,0.00,1.00,1.00,1.00,1.00,0.00,0.00,0.00",,0.00,0.00,,
lululemon everywhere belt bag new vs old,,10,"1.00,1.00,1.00,1.00,1.00,1.00,0.00,1.00,0.00,0.00,0.00,1.00",,0.00,1.00,,
lululemon everywhere belt bag new year,,10,"1.00,1.00,1.00,0.00,1.00,1.00,1.00,1.00,0.00,0.00,0.00,1.00",,0.00,1.00,,
lululemon everywhere belt bag nz,,10,"0.00,0.00,0.00,0.00,1.00,0.00,1.00,0.00,1.00,0.00,1.00,0.00",,0.00,0.00,,
lululemon everywhere belt bag original price,,10,"0.00,0.00,0.00,1.00,1.00,0.00,1.00,0.00,0.00,1.00,0.00,0.00",,0.00,0.00,,
lululemon everywhere belt bag original strap,,10,"0.00,1.00,0.00,1.00,1.00,0.00,1.00,1.00,1.00,1.00,1.00,0.00",,0.00,0.00,,
lululemon everywhere belt bag out of stock,,10,"1.00,0.00,0.00,1.00,0.00,1.00,1.00,0.00,0.00,0.00,0.00,0.00",,0.00,0.00,,
lululemon everywhere belt bag pink clay,,10,"0.00,0.00,1.00,0.00,1.00,0.00,0.00,0.00,0.00,1.00,1.00,0.00",,0.00,0.00,,
lululemon everywhere belt bag powder blue,,10,"0.00,0.00,0.00,0.66,1.00,0.66,0.66,0.00,0.66,0.66,0.00,0.66",,0.00,1.00,,
lululemon everywhere belt bag puff,,10,"0.00,1.00",,0.00,1.00,,
lululemon everywhere belt bag restock alert,,10,"1.00,1.00,1.00,1.00,1.00,1.00,1.00,0.00,0.00,0.00,0.00,0.00",,0.00,0.00,,
lululemon everywhere belt bag retail price,,10,"0.00,0.00,1.00,1.00,0.00,0.00,0.00,0.00,0.00,0.00,0.00,1.00",,0.00,1.00,,
lululemon everywhere belt bag seal gray,,10,"0.00,1.00,1.00,1.00,0.00,0.00,0.00,0.00,0.00,0.00,0.00,0.00",,0.00,0.00,,
lululemon everywhere belt bag singapore,,10,"1.00,1.00,1.00,1.00,1.00,1.00,1.00,0.00,0.00,0.00,0.00,0.00",,0.00,0.00,,
lululemon everywhere belt bag size,,10,"0.64,0.64,0.64,0.64,0.64,1.00,0.29,0.29,0.29,0.29,0.00,0.29",,6.28,1.00,,
lululemon everywhere belt bag sold out,,10,"1.00,1.00,1.00,1.00,0.00,1.00,0.00,1.00,0.00,0.00,1.00,1.00",,0.00,1.00,,
lululemon everywhere belt bag spiced chai,,10,"1.00,1.00,1.00,0.00,0.00,0.00,1.00,1.00,1.00,0.00,1.00,0.00",,0.00,0.00,,
lululemon everywhere belt bag tie dye,,10,"0.00,0.00,0.00,0.00,1.00,1.00,1.00,1.00,1.00,1.00,1.00,1.00",,0.00,1.00,,
lululemon everywhere belt bag us,,10,"1.00,1.00,1.00,1.00,0.00,0.00,0.00,1.00,0.00,0.00,0.00,0.00",,0.00,0.00,,
lululemon everywhere belt bag usa,,10,"1.00,1.00,1.00,0.00,0.00,1.00,1.00,0.00,1.00,0.00,0.00,1.00",,0.00,1.00,,
lululemon everywhere belt bag where to buy,,10,"1.00,0.00,1.00,0.00,1.00,1.00,1.00,1.00,1.00,0.00,1.00,0.00",,0.00,0.00,,
lululemon everywhere belt bag white and gold,,10,"0.00,1.00",,0.00,1.00,,
lululemon everywhere belt bag wild berry,,10,"0.00,1.00,0.66,0.00,0.33,0.00,0.33,0.00,0.00,0.00,0.00,0.00",,0.00,1.00,,
lululemon everywhere belt bag with logo,,10,"0.00,0.00,0.00,0.00,0.66,1.00,0.66,0.66,0.66,0.66,0.66,0.66",,0.00,1.00,,
lululemon everywhere belt bag with long strap,,10,"0.00,0.00,0.00,0.00,0.00,0.00,0.00,0.00,0.00,1.00,0.18,0.18",,1.96,1.00,,
lululemon everywhere belt bag with long strap 1l,,10,"1.00,0.00",,0.00,0.00,,
lululemon everywhere belt bag xl,,10,"1.00,1.00,1.00,1.00,1.00,0.00,0.00,1.00,0.00,1.00,0.00,0.00",,0.92,1.00,,
lululemon everywhere fleece belt bag ivory,,10,"1.00,1.00,1.00,1.00,1.00,1.00,1.00,0.00,0.00,1.00,0.00,0.00",,0.00,0.00,,
lululemon everywhere fleece belt bag white,,10,"0.00,1.00,0.00,1.00,0.00,0.00,1.00,0.00,0.00,0.00,0.00,0.00",,0.00,0.00,,
lululemon mini belt bag vs everywhere bag,,10,"1.00,1.00,1.00,1.00,1.00,0.00,0.00,0.00,1.00,1.00,1.00,0.00",,0.00,0.00,,
lululemon on the move everywhere belt bag,,10,"0.00,0.00,1.00,0.00,1.00,0.00,0.00,0.00,0.00,0.00,0.00,1.00",,0.00,1.00,,
lululemon pale raspberry everywhere belt bag,,10,"1.00,1.00,0.00,0.00,0.00,1.00,0.00,1.00,1.00,1.00,0.00,0.00",,0.00,0.00,,
lululemon purple everywhere belt bag,,10,"0.00,0.00,0.00,0.00,0.50,0.00,0.00,0.00,0.00,0.50,1.00,1.00",,0.00,1.00,,
lululemon restock everywhere belt bag,,10,"1.00,1.00,0.00,0.00,1.00,0.00,0.00,0.00,0.00,0.00,0.00,0.00",,0.00,0.00,,
lululemon silver drop everywhere belt bag,,10,"1.00,1.00,1.00,0.00,0.00,0.00,0.00,1.00,1.00,1.00,1.00,1.00",,0.00,1.00,,
lululemon team canada everywhere belt bag,,10,"1.00,1.00,0.00,1.00,0.00,0.00,1.00,0.00,1.00,1.00,0.00,0.00",,0.00,0.00,,
lululemon the everywhere belt bag,,10,"0.00,0.00,0.00,1.00,0.00,0.00,0.00,0.00,0.00,0.00,1.00,1.00",,0.00,0.76,,
lululemon trench everywhere belt bag,,10,"1.00,1.00,1.00,1.00,0.00,0.00,0.00,0.00,0.00,0.00,0.00,0.00",,0.92,1.00,,
lululemon university of michigan navy everywhere belt bag,,10,"0.00,0.00,0.00,1.00,1.00,1.00",,0.00,0.75,,
lululemon wanderlust vs everywhere belt bag,,10,"0.00,0.00,1.00",,0.00,1.00,,
lululemon's everywhere belt bag,,10,"1.00,1.00,1.00,1.00,0.00,0.00,0.00,0.00,0.00,0.00,0.00,0.00",,0.92,1.00,,
new lululemon everywhere belt bag black,,10,"1.00,1.00,1.00,0.00,0.00,0.00,0.00,1.00,0.00,0.00,0.00,0.00",,0.00,0.00,,
what happened to lululemon everywhere belt bag,,10,"1.00,1.00,1.00,1.00,0.00,1.00,1.00,0.00,0.00,1.00,0.00,0.00",,0.00,0.00,,
where can i buy a lululemon everywhere belt bag,,10,"0.00,1.00,0.00,0.00,1.00,0.00,0.00,0.00,0.00,1.00,1.00,0.00",,0.00,0.00,,
where everywhere belt bag lululemon,,10,"1.00,1.00,1.00,0.00,1.00,1.00,0.00,0.00,0.00,1.00,1.00,1.00",,0.00,1.00,,
where to find lululemon everywhere belt bag,,10,"1.00,0.00,0.00,1.00,1.00,0.00,0.00,1.00,1.00,0.00,1.00,0.00",,0.00,0.00,,
why did lululemon stop selling everywhere belt bag,,10,"0.00,0.00,0.00,1.00,1.00,0.00,0.00,0.00,1.00,0.00,0.00,0.00",,0.00,0.00,,
will lululemon bring back the everywhere belt bag,,10,"1.00,0.00,0.00,1.00,1.00,1.00,0.00,1.00,0.00,0.00,1.00,0.00",,0.00,0.00,,
will lululemon restock everywhere belt bag,,10,"1.00,1.00,1.00,0.00,1.00,0.00,0.00,1.00,0.00,1.00,1.00,1.00",,0.00,1.00,,
authentic lululemon everywhere belt bag,,0,"0.00,0.00,0.00,0.00,0.00,0.00,0.00,0.00,0.00,0.00,0.00,0.00",,0.00,0.00,,
blue lululemon everywhere belt bag,,0,"0.00,0.00,0.00,0.00,0.00,0.00,0.00,0.00,0.00,0.00,0.00,0.00",,0.00,0.00,,
brier rose lululemon everywhere belt bag,,0,"0.00,0.00,0.00,0.00,0.00,0.00,0.00,0.00,0.00,0.00,0.00,0.00",,0.00,0.00,,
clear lululemon everywhere belt bag,,0,"1.00,0.00,0.00,0.00,0.00",,0.00,0.00,,
dhgate lululemon everywhere belt bag,,0,"1.00,0.00,0.00,0.00,0.00,1.00,0.00,0.00,0.00,0.00,0.00,0.00",,0.92,1.00,,
does lululemon not sell the everywhere belt bag anymore,,0,"0.00,0.00,0.00,0.00,0.00,1.00,0.00,0.00,0.00,0.00,0.00,0.00",,0.00,0.00,,
does lululemon still have the everywhere belt bag,,0,"0.00,0.00,0.00,0.00,0.00,0.00,0.00,0.00,0.00,0.00,0.00,0.00",,0.00,0.00,,
does lululemon still make the everywhere belt bag,,0,"0.00,1.00,0.00,0.00,0.00,0.00,0.00,0.00,0.00,0.00,1.00,0.00",,0.00,0.00,,
does lululemon still sell everywhere belt bag,,0,"0.00,0.00,0.00,0.00,0.00,0.00,0.00,0.00,0.00,0.00,0.00,0.00",,0.00,0.00,,
dupe lululemon everywhere belt bag,,0,"0.00,0.00,0.00,0.00,0.00,0.00,0.00,0.00,0.00,0.00,0.00,0.00",,0.00,0.00,,
everywhere bag belt lululemon,,0,"0.00,0.00,0.00,0.00,0.00,0.00,0.00,0.00,0.00,0.00,0.00,0.00",,0.00,0.00,,
everywhere belt bag extended strap lululemon,,0,"0.00,0.00,0.00,0.00,0.00,0.00,0.00,0.00,0.00,0.00,0.00,0.00",,0.00,0.00,,
everywhere belt bag lululemon blue,,0,"0.00,0.00,0.00,0.00,0.00,0.00,0.00,0.00,0.00,0.00,0.00,0.00",,0.00,0.00,,
everywhere belt bag lululemon camo,,0,"0.00,0.00,0.00,0.00,0.00,0.00,0.00,0.00,0.00,0.00,0.00,0.00",,0.00,0.00,,
everywhere belt bag lululemon grey,,0,"0.00,0.00,0.00,0.00,0.00,0.00,0.00,0.00,0.00,0.00,0.00,0.00",,0.00,0.00,,
everywhere belt bag lululemon mini,,0,"0.00,0.00,0.00,0.00,0.00,0.00,0.00,0.00,0.00,0.00,0.00,0.00",,0.00,0.00,,
everywhere belt bag lululemon sherpa,,0,"0.00,0.00,0.00,0.00,0.00,0.00,0.00,0.00,0.00,0.00,0.00,0.00",,0.00,0.00,,
everywhere belt bag lululemon silver,,0,"0.00,0.00,0.00,0.00,0.00,0.00,0.00,0.00,0.00,0.00,0.00,0.00",,0.00,0.00,,
everywhere belt bag lululemon size,,0,"0.00,0.00,0.00,0.00,0.00,0.00,0.00,0.00,0.00,0.00,0.00,0.00",,0.00,0.00,,
everywhere belt bag lululemon sold out,,0,"0.00,0.00,0.00,0.00,0.00,0.00,0.00,0.00,0.00,0.00,0.00,0.00",,0.00,0.00,,
everywhere belt bag lululemon sonic pink,,0,"0.00,0.00,0.00,0.00,0.00,0.00,0.00,0.00,0.00,0.00,0.00,0.00",,0.00,0.00,,
everywhere belt bag lululemon tan,,0,"0.00,0.00,0.00,0.00,0.00,0.00,0.00,0.00,0.00,0.00,0.00,0.00",,0.00,0.00,,
everywhere belt bag lululemon us,,0,"0.00,0.00,0.00,0.00,0.00,0.00,0.00,0.00,0.00,0.00,0.00,0.00",,0.00,0.00,,
everywhere belt bag lululemon usa,,0,"0.00,0.00,0.00,0.00,0.00,0.00,0.00,0.00,0.00,0.00,0.00,0.00",,0.00,0.00,,
everywhere belt bag velour lululemon,,0,"0.00,0.00,0.00,0.00,0.00,0.00,0.00,0.00,0.00,0.00,0.00,0.00",,0.00,0.00,,
everywhere belt bag wordmark lululemon,,0,"1.00,0.00,0.00,0.00,0.00,1.00,0.00,0.00,0.00,0.00,0.00,0.00",,0.00,0.00,,
everywhere belt bag.lululemon,,0,"0.00,0.00,0.00,0.00,0.00,0.00,0.00,0.00,0.00,0.00,0.00,0.00",,0.85,1.00,,
everywhere belt.bag lululemon,,0,"1.00,0.00,0.00,0.00,1.00,1.00,0.00,0.00,0.00,0.00,1.00,0.00",,0.85,1.00,,
everywhere large belt bag lululemon,,0,"0.00,0.00,0.00,0.00,0.00,0.00,0.00,0.00,0.00,0.00,0.00,0.00",,0.00,0.00,,
fuzzy everywhere belt bag lululemon,,0,"0.00,0.00,0.00,0.00,0.00,0.00,0.00,0.00,0.00,0.00,0.00,0.00",,0.00,0.00,,
green lululemon everywhere belt bag,,0,"0.00,0.00,0.00,0.00,0.00,0.00,0.00,0.00,0.00,0.00,0.00,0.00",,0.00,0.00,,
grey sage lululemon everywhere belt bag,,0,"0.00,0.00,0.00,0.00,0.00,0.00,0.00,0.00,0.00,0.00,0.00,0.00",,0.00,0.00,,
how much is the everywhere belt bag lululemon,,0,"0.00,0.00,0.00,0.00,0.00,0.00,0.00,0.00,0.00,0.00,0.00,0.00",,0.00,0.00,,
how much was the lululemon everywhere belt bag,,0,"0.00,0.00,0.00,0.00,0.00,0.00,0.00,0.00,0.00,0.00,0.00,0.00",,0.00,0.00,,
how often does lululemon restock everywhere belt bag,,0,"0.00,0.00,0.00,0.00,0.00,0.00,0.00,0.00,0.00,0.00,0.00,0.00",,0.00,0.00,,
how to get lululemon everywhere belt bag,,0,"1.00,1.00,0.00,0.00,0.00,0.00,0.00,0.00,0.00,0.00,0.00,0.00",,0.00,0.00,,
how to get the lululemon everywhere belt bag,,0,"1.00,0.00,0.00,0.00,0.00,0.00,0.00,0.00,0.00,0.00,0.00,0.00",,0.00,0.00,,
is lululemon bringing back the everywhere belt bag,,0,"0.00,0.00,0.00,0.00,0.00,0.00,0.00,0.00,0.00,0.00,0.00,0.00",,0.00,0.00,,
is lululemon discontinuing the everywhere belt bag,,0,"1.00,0.00,0.00,0.00,0.00,0.00,0.00,0.00,0.00,0.00,0.00,0.00",,0.00,0.00,,
is lululemon going to restock everywhere belt bag,,0,"0.00,0.00,0.00,0.00,0.00,1.00,0.00,0.00,0.00,0.00,0.00,0.00",,0.00,0.00,,
is lululemon restocking the everywhere belt bag,,0,"0.00,0.00,0.00,0.00,0.00,0.00,0.00,0.00,0.00,0.00,0.00,0.00",,0.00,0.00,,
is lululemon still making the everywhere belt bag,,0,"0.00,0.00,0.00,0.00,0.00,0.00,0.00,0.00,0.00,0.00,0.00,0.00",,0.00,0.00,,
is the lululemon everywhere belt bag coming back in stock,,0,"0.00,0.00,0.00,0.00,0.00,0.00,0.00,0.00,0.00,0.00,0.00,0.00",,0.00,0.00,,
is the lululemon everywhere belt bag sold out,,0,"0.00,0.00,0.00,0.00,0.00,1.00,0.00,0.00,0.00,0.00,0.00,0.00",,0.00,0.00,,
knockoff lululemon everywhere belt bag,,0,"0.00,0.00,0.00,0.00,0.00,0.00,0.00,0.00,0.00,0.00,0.00,0.00",,0.00,0.00,,
lululemon athletica bags everywhere belt bag large 1l wunder puff,,0,0.00,,0.00,0.00,,
lululemon athletica bags lululemon everywhere fleece belt bag,,0,"1.00,0.00,0.00,0.00,0.00,0.00,0.00,0.00,0.00,0.00,0.00,0.00",,0.00,0.00,,
lululemon athletica bags lululemon everywhere fleece belt bag ivory,,0,0.00,,0.00,0.00,,
lululemon athletica everywhere belt bag 2l,,0,"1.00,0.00,0.00,1.00,0.00,0.00,0.00",,0.00,0.00,,
lululemon athletica new year everywhere belt bag 1l,,0,0.00,,0.00,0.00,,
lululemon belt bag everywhere belt bag,,0,"0.00,0.00,0.00,0.00,0.00,0.00,0.00,0.00,0.00,0.00,0.00,0.00",,0.00,0.00,,
lululemon belt bag everywhere fleece,,0,"0.00,0.00,0.00,0.00,0.00,0.00,0.00,0.00,0.00,0.00,0.00,0.00",,0.00,0.00,,
lululemon belt bag everywhere large,,0,"0.00,0.00,0.00,0.00,0.00,0.00,0.00,0.00,0.00,0.00,0.00,0.00",,0.00,0.00,,
lululemon belt bag wear everywhere,,0,"0.00,0.00,0.00,0.00,0.00,0.00,0.00,0.00,0.00,0.00,0.00,0.00",,0.00,0.00,,
lululemon black everywhere belt bag 1l,,0,"0.00,0.00,0.00,0.00,0.00,0.00,0.00,0.00,0.00,0.00,0.00,0.00",,0.00,0.00,,
lululemon blue everywhere belt bag,,0,"1.00,0.00,0.00,0.00,0.00,0.00,0.00,0.00,0.00,0.00,0.00,0.00",,0.00,0.00,,
lululemon brier rose everywhere belt bag,,0,"0.00,0.00,0.00,0.00,0.00,0.00,0.00,0.00,0.00,0.00,0.00,0.00",,0.00,0.00,,
lululemon canada everywhere belt bag large,,0,"0.00,0.00,0.00,0.00,0.00,0.00,0.00,0.00,0.00,0.00,0.00,0.00",,0.00,0.00,,
lululemon cream everywhere belt bag,,0,"0.00,0.00,0.00,0.00,0.00,0.00,0.00,0.00,0.00,0.00,0.00,0.00",,0.00,0.00,,
lululemon everywhere 1l belt bag,,0,"0.00,0.00,0.00,0.00,0.00,0.00,0.00,0.00,0.00,0.00,0.00,0.00",,0.00,0.00,,
lululemon everywhere belt bag - 2022 new classic fanny pack,,0,"0.00,0.00,0.00,0.00,0.00,0.00,0.00,0.00,0.00,0.00,0.00,0.00",,0.00,0.00,,
lululemon everywhere belt bag - black,,0,"0.00,0.00,0.00,0.00,0.00,0.00,0.00,0.00,0.00,0.00,1.00,0.50",,1.02,1.00,,
lululemon everywhere belt bag - extended strap - black white,,0,"0.00,0.00,0.00,0.00,0.00,0.00,0.00,0.00,0.00,0.00,0.00,0.00",,0.00,0.00,,
lululemon everywhere belt bag - red white black,,0,"0.00,0.00,0.00,0.00,0.00,0.00,0.00,0.00,0.00,0.00,0.00,0.00",,0.00,0.00,,
lululemon everywhere belt bag 1 litre,,0,"0.00,0.00,0.00,0.00,0.00,0.00,0.00,0.00,0.00,0.00,0.00,0.00",,1.17,1.00,,
lululemon everywhere belt bag 1l black bag/white letters,,0,"0.00,0.00,0.00,0.00,0.00,0.00,0.00,0.00,0.00,1.00,0.00,0.66",,0.00,1.00,,
lululemon everywhere belt bag 1l black gold,,0,"0.00,0.00,0.00,0.00,0.00,0.00,0.00,0.00,0.00,0.00,0.00,1.00",,0.00,0.36,,
lululemon everywhere belt bag 1l black size one size,,0,"0.00,0.00,0.00,0.00,0.00,0.00,0.00,0.00,0.00,0.00,0.00,0.00",,0.00,0.00,,
lululemon everywhere belt bag 1l dimensions,,0,"0.00,0.00,1.00,0.00,0.00,0.00,0.00",,0.00,0.00,,
lululemon everywhere belt bag 1l green,,0,"0.00,0.00,0.00,0.00,0.00,0.00,0.00,0.00,0.00,0.00,0.00,0.00",,0.00,0.00,,
lululemon everywhere belt bag 1l grey sage,,0,"0.00,0.00,0.00,0.00,0.00,0.00,0.00,0.00,0.00,0.00,1.00,1.00",,1.50,0.96,,
lululemon everywhere belt bag 1l manifesto print,,0,0.00,,0.00,0.00,,
lululemon everywhere belt bag 1l pink,,0,"0.00,0.00,0.00,0.00,0.00,0.00,0.00,0.00,0.00,0.00,1.00,1.00",,0.00,1.00,,
lululemon everywhere belt bag 1l printed,,0,"0.00,0.00,0.00,0.00,0.00,0.00,0.00,0.00,0.00,0.00,0.00,0.00",,0.00,0.00,,
lululemon everywhere belt bag 1l studded,,0,"0.00,0.00",,0.00,0.00,,
lululemon everywhere belt bag 1l wunder puff,,0,"0.00,0.00,0.00,0.00,0.00,0.00,0.00,0.00,0.00,0.00,1.00,1.00",,1.84,0.98,,
lululemon everywhere belt bag 2 l,,0,"1.00,0.00,0.00,0.00,0.00,0.00,0.00,0.00,0.00,0.00,0.00,0.00",,0.00,0.00,,
lululemon everywhere belt bag 2l black and gold,,0,0.00,,0.00,0.00,,
lululemon everywhere belt bag 2l dimensions,,0,"0.00,0.00,0.00,0.00",,0.00,0.00,,
lululemon everywhere belt bag 2l dupe,,0,"0.00,0.00,0.00,0.00,0.00,0.00",,0.00,0.00,,
lululemon everywhere belt bag 2l fleece,,0,"0.00,0.00,0.00,0.00,0.00,0.00,0.00,0.00,0.00,0.00,0.00,1.00",,0.96,1.00,,
lululemon everywhere belt bag 2l white,,0,"0.00,0.00",,0.00,0.00,,
lululemon everywhere belt bag 2l white opal,,0,"0.00,0.00,0.00,0.00,0.00,0.00,0.00,0.00,0.00,0.00,1.00,1.00",,2.19,1.00,,
lululemon everywhere belt bag accessories,,0,"0.00,0.00,0.00,0.00,0.00,0.00,0.00,0.00,0.00,0.00,0.00",,0.00,0.00,,
lululemon everywhere belt bag aero blue,,0,"0.00,0.00",,0.00,0.00,,
lululemon everywhere belt bag big,,0,"0.00,0.00,0.00,0.00,0.00,0.00,0.00,0.00,0.00,0.00,0.00,0.00",,0.00,0.00,,
lululemon everywhere belt bag black 2l,,0,"1.00,0.00,0.00,0.00,0.00,0.00,0.00,0.00,0.00,0.00,0.00,0.00",,0.00,0.00,,
lululemon everywhere belt bag black canada,,0,"0.00,0.00,0.00,0.00,0.00,0.00,0.00,0.00,0.00,1.00,0.00,0.00",,0.00,0.00,,
lululemon everywhere belt bag black fanny pack classic,,0,"0.00,0.00,0.00,0.00,0.00,0.00,0.00,0.00,0.00,0.00,0.00,0.00",,0.00,0.00,,
lululemon everywhere belt bag black restock,,0,"0.00,0.00,1.00,0.00,0.00,0.00,0.00,0.00,0.00,0.00,0.00,1.00",,0.00,1.00,,
lululemon everywhere belt bag black white,,0,"0.00,0.00,0.00,0.00,0.00,0.00,0.00,0.00,0.00,0.00,0.00,0.00",,0.00,1.00,,
lululemon everywhere belt bag black/gold,,0,"0.00,0.00,0.00,0.00,0.00,0.00,0.00,0.00,0.00,0.00,0.00,0.00",,1.07,1.00,,
lululemon everywhere belt bag bunny,,0,"0.00,0.00,0.00,0.00,0.00,0.00,0.00,0.00,0.00,0.00,0.00,0.00",,0.00,0.00,,
lululemon everywhere belt bag camel,,0,"0.00,0.00,0.00,0.00,0.00,0.00,0.00,0.00,0.00,0.00,0.00,0.00",,0.00,0.00,,
lululemon everywhere belt bag carob brown,,0,"0.00,1.00,0.00,0.00,0.00,1.00,0.00,0.00,0.00,0.00,0.00,0.00",,0.00,0.00,,
lululemon everywhere belt bag cheap,,0,"0.00,0.00,0.00,0.00,0.00,0.00,0.00,0.00,0.00,0.00,0.00,0.00",,0.00,0.00,,
lululemon everywhere belt bag color,,0,"0.00,0.00,0.00,0.00,0.00,0.00,0.00,0.00,0.00,0.00,0.00,0.00",,0.85,1.00,,
lululemon everywhere belt bag colors available fast ship quantity,,0,"0.00,0.00,0.00,0.00,0.00,0.00,0.00,0.00,0.00,0.00,0.00,0.00",,0.00,0.00,,
lululemon everywhere belt bag crossbody extended strap fanny pack,,0,"0.00,0.00,0.00,0.00,0.00,0.00,0.00,0.00,0.00,0.00,0.00,0.00",,0.00,0.00,,
lululemon everywhere belt bag crossbody extended strap fanny pack black/grey,,0,"0.00,0.00,0.00,0.00,0.00,0.00,0.00,0.00,0.00,0.00,0.00,0.00",,0.00,0.00,,
lululemon everywhere belt bag dark chrome,,0,"0.00,0.00,1.00,1.00,0.00,0.00,0.00,0.00,0.00,0.00,0.00,0.00",,0.00,0.00,,
lululemon everywhere belt bag dark red,,0,"0.00,0.00,0.00,0.00,0.00,0.00,0.00,0.00,0.00,0.00,0.00,0.00",,0.00,0.00,,
lululemon everywhere belt bag details,,0,"0.00,0.00,0.00,0.00,0.00,0.00,0.00,0.00,0.00,0.00,0.00,0.00",,0.00,0.00,,
lululemon everywhere belt bag dimension,,0,"0.00,0.00,0.00,0.00,0.00,0.00,0.00,0.00,0.00,0.00,0.00,0.00",,0.00,0.00,,
lululemon everywhere belt bag drop,,0,"0.00,0.00,0.00,0.00,0.00,0.00,0.00,0.00,0.00,0.00,0.00,0.00",,0.00,0.00,,
lululemon everywhere belt bag extended,,0,"0.00,0.00,0.00,0.00,0.00,0.00,0.00,0.00,0.00,0.00,0.00,0.00",,0.00,1.00,,
lululemon everywhere belt bag extender strap black,,0,"0.00,0.00,0.00,0.00,0.00,0.00,0.00,0.00,0.00,0.00,0.00,0.00",,0.00,0.00,,
lululemon everywhere belt bag for men,,0,"0.00,0.00,0.00,0.00,0.00,0.00,0.00,0.00,0.00,0.00,0.00,0.00",,0.00,0.00,,
lululemon everywhere belt bag france,,0,"0.00,0.00,0.00,0.00,0.00,0.00,0.00,0.00,0.00,0.00,0.00,0.00",,0.00,0.00,,
lululemon everywhere belt bag fur,,0,"0.00,0.00,0.00,0.00,0.00,0.00,0.00,0.00,0.00,0.00,0.00,0.00",,0.00,0.00,,
lululemon everywhere belt bag furry,,0,"0.00,0.00,0.00,0.00,0.00,0.00,0.00,0.00,0.00,0.00,0.00,0.00",,0.00,0.00,,
lululemon everywhere belt bag gold buckle,,0,"0.00,0.00,0.00,0.00,0.00,0.00,0.00,0.00,0.00,0.00,0.00",,0.00,0.00,,
lululemon everywhere belt bag green jasper,,0,"0.00,0.00,0.00,0.00,0.00,0.00,0.00,0.00,0.00,0.00,0.00,0.00",,0.00,0.00,,
lululemon everywhere belt bag images,,0,"0.00,0.00,0.00,0.00,0.00,0.00,0.00,0.00,0.00,0.00,0.00,0.00",,0.00,0.00,,
lululemon everywhere belt bag in trench,,0,"0.00,0.00,0.00,0.00,0.00,0.00,0.00,0.00,0.00,0.00,0.00,0.00",,0.00,0.00,,
lululemon everywhere belt bag khaki,,0,"1.00,0.00,0.00,0.00,0.00,0.00,0.00,0.00,0.00,0.00,0.00,0.00",,0.00,0.00,,
lululemon everywhere belt bag large 2l black,,0,"0.00,0.00,0.00,0.00,0.00,0.00,0.00,0.00,0.00,0.00,1.00,1.00",,0.00,1.00,,
lululemon everywhere belt bag large 2l fleece,,0,"0.00,0.00,0.00,0.00,0.00,0.00,0.00,0.00,0.00,0.00,0.50,1.00",,0.00,1.00,,
lululemon everywhere belt bag large colors,,0,"0.00,0.00,0.00,0.00,0.00,0.00,0.00,0.00,0.00,0.00,0.00,0.00",,0.00,0.00,,
lululemon everywhere belt bag large dimensions,,0,"0.00,0.00,0.00,0.00,0.00,0.00,0.00,0.00,0.00,0.00,0.00,0.00",,0.00,0.00,,
lululemon everywhere belt bag large dupe,,0,"0.00,0.00,0.00,0.00,0.00,0.00,0.00,0.00,0.00,0.00,0.00,0.00",,0.00,0.00,,
lululemon everywhere belt bag large fleece,,0,"0.00,0.00",,0.00,0.00,,
lululemon everywhere belt bag large grey sage,,0,"0.00,0.00,0.00,0.00,0.00,0.00,0.00,0.00,0.00,0.00,0.00,0.00",,0.00,0.00,,
lululemon everywhere belt bag large wunder puff,,0,"0.00,0.00,0.00,0.00,0.00,0.00,0.00,0.00,0.00,0.00,1.00,1.00",,1.18,1.00,,
lululemon everywhere belt bag latge,,0,"0.00,0.00,0.00,0.00,0.00,0.00,0.00,0.00,0.00,0.00,0.00,0.00",,1.02,1.00,,
lululemon everywhere belt bag leather,,0,"0.00,0.00",,0.00,0.00,,
lululemon everywhere belt bag length,,0,"0.00,0.00,0.00,0.00,0.00,0.00,0.00,0.00,0.00,0.00,0.00,0.00",,0.00,0.00,,
lululemon everywhere belt bag lilac,,0,"0.00,0.00,0.00,0.00,0.00,0.00,0.00,0.00,0.00,0.00,0.00,0.00",,0.00,0.00,,
lululemon everywhere belt bag link,,0,"0.00,0.00,0.00,0.00,0.00,0.00,0.00,0.00,0.00,0.00,0.00,0.00",,0.00,0.00,,
lululemon everywhere belt bag love red,,0,"0.00,0.00,0.00,0.00,0.00,0.00,0.00,0.00,0.00,0.00,0.00,0.00",,0.00,0.00,,
lululemon everywhere belt bag manifesto print,,0,"0.00,0.00,0.00,0.00,0.00,0.00,0.00,0.00,0.00,0.00,1.00,1.00",,0.00,1.00,,
lululemon everywhere belt bag meadowsweet pink,,0,"0.00,0.00,0.00,0.00,0.00",,0.00,0.00,,
lululemon everywhere belt bag mini black,,0,"0.00,0.00,0.00,0.00,0.00,0.00,0.00,0.00,0.00,0.00,0.00,0.00",,0.00,0.00,,
lululemon everywhere belt bag msrp,,0,"0.00,0.00,0.00,0.00,0.00,0.00,0.00,0.00,0.00,0.00,0.00,0.00",,0.00,0.00,,
lululemon everywhere belt bag multicolor,,0,"0.00,0.00,0.00,0.00,0.00,0.00,0.00,0.00,0.00,0.00,0.00,0.00",,0.00,0.00,,
lululemon everywhere belt bag navy blue,,0,"0.00,0.00,0.00,0.00,0.00,0.00,0.00,0.00,0.00,0.00,0.00,0.00",,0.00,0.00,,
lululemon everywhere belt bag new classic fanny pack,,0,"1.00,0.00,0.00,0.00,0.00,0.00,0.00,0.00,0.00,0.00,0.00",,0.00,0.00,,
lululemon everywhere belt bag not on website,,0,"1.00,0.00,0.00,0.00,0.00,1.00,0.00,0.00,0.00,0.00,0.00,0.00",,0.00,0.00,,
lululemon everywhere belt bag nwt,,0,"0.00,0.00,0.00,0.00,0.00,0.00,0.00,0.00,0.00,0.00,0.00,0.00",,0.92,1.00,,
lululemon everywhere belt bag on sale,,0,"0.00,0.00,0.00",,0.00,0.00,,
lululemon everywhere belt bag one size,,0,"1.00,0.00,1.00,0.00,0.00,0.00,0.00,1.00,0.00",,0.00,0.00,,
lululemon everywhere belt bag parachute,,0,0.00,,0.00,0.00,,
lululemon everywhere belt bag pink fleece,,0,0.00,,0.00,0.00,,
lululemon everywhere belt bag pow pink light/lunar rock/chrome,,0,"0.00,0.00,0.00,0.00,0.00,0.00,0.00,0.00,0.00,0.00,0.00,0.00",,0.00,0.00,,
lululemon everywhere belt bag quilted,,0,"0.00,0.00,0.00,0.00,0.00,0.00,0.00,0.00,0.00,0.00,0.00,1.00",,0.00,1.00,,
lululemon everywhere belt bag quilted velour,,0,"0.00,0.00,0.00,0.00,0.00,0.00,0.00,0.00,0.00,0.00,1.00,1.00",,1.30,1.00,,
lululemon everywhere belt bag restock date,,0,"0.00,0.00,0.00,0.00,0.00,0.00,0.00,0.00,0.00,0.00,0.00,0.00",,0.00,0.00,,
lululemon everywhere belt bag restock september 2022,,0,"0.00,0.00,0.00,0.00,0.00,0.00,0.00,0.00,0.00,0.00,0.00,0.00",,0.00,0.00,,
lululemon everywhere belt bag running,,0,"0.00,0.00,0.00,0.00,0.00,0.00,0.00,0.00,0.00,0.00,0.00,0.00",,0.00,0.00,,
lululemon everywhere belt bag sage grey,,0,"0.00,0.00,0.00,0.00,0.00,0.00,0.00,0.00,0.00,0.00,0.00,0.00",,0.00,0.00,,
lululemon everywhere belt bag shiny black,,0,"0.00,0.00,0.00,0.00,0.00,0.00,0.00,0.00,0.00,0.00,0.00,0.00",,0.00,0.00,,
lululemon everywhere belt bag sild,,0,"0.00,0.00,0.00,0.00,0.00,0.00,0.00,0.00,0.00,0.00,0.00,0.00",,0.00,0.00,,
lululemon everywhere belt bag stock,,0,"0.00,0.00,0.00,0.00,0.00,0.00,0.00,0.00,0.00,0.00,0.00,0.00",,0.00,0.00,,
lululemon everywhere belt bag stockx,,0,"0.00,0.00,0.00,0.00,0.00,0.00,0.00,0.00,0.00,0.00,0.00,0.00",,0.00,0.00,,
lululemon everywhere belt bag strap,,0,"0.00,0.00,0.00,0.00,0.00,0.00,0.00,0.00,0.00,0.00,0.00,0.00",,0.00,0.00,,
lululemon everywhere belt bag studded,,0,0.00,,0.00,0.00,,
lululemon everywhere belt bag trench color,,0,"0.00,0.00,0.00,0.00,0.00,0.00,0.00,0.00,0.00,0.00,0.00,0.00",,0.00,0.00,,
lululemon everywhere belt bag velour black,,0,"0.00,0.00,0.00,0.00,0.00,0.00,0.00,0.00,0.00,0.00,0.00,0.00",,0.00,0.00,,
lululemon everywhere belt bag vs extended,,0,"0.00,1.00,0.00,1.00,0.00,0.00,0.00,0.00,0.00,0.00,0.00,0.00",,0.00,0.00,,
lululemon everywhere belt bag vs extended strap,,0,"1.00,0.00,1.00,0.00,0.00,0.00,0.00,0.00,0.00,0.00,0.00,0.00",,0.00,0.00,,
lululemon everywhere belt bag water bottle,,0,"0.00,0.00,0.00,0.00,0.00,0.00,0.00,0.00,0.00,0.00,0.00,0.00",,0.00,0.00,,
lululemon everywhere belt bag waterproof,,0,"0.00,0.00,0.00,0.00,0.00,0.00,0.00,0.00,0.00,0.00,0.00,0.00",,0.00,0.00,,
lululemon everywhere belt bag weight,,0,"0.00,0.00,0.00,0.00,0.00,0.00,0.00,0.00,0.00,0.00,0.00,0.00",,0.00,0.00,,
lululemon everywhere belt bag white fleece,,0,"0.00,0.00,0.00,0.00,0.00,0.00,0.00,0.00,0.00,0.00,0.00,0.00",,0.00,0.00,,
lululemon everywhere belt bag wine,,0,"0.00,0.00,0.00,0.00,0.00,0.00,0.00,0.00,0.00,0.00,0.00,0.00",,0.00,0.00,,
lululemon everywhere belt bag with logo on strap,,0,"0.00,0.00,0.00,0.00",,0.00,0.00,,
lululemon everywhere belt bag.,,0,"0.00,0.00,0.00,0.00,0.00,0.00,0.00,0.00,0.00,0.00,0.00,0.00",,0.92,1.00,,
lululemon everywhere belt.bag large,,0,"0.00,0.00,0.00,0.00,0.00,0.00,0.00,0.00,0.00,0.00,0.00,0.00",,1.02,1.00,,
lululemon everywhere fleece belt bag brown,,0,"0.00,0.00,0.00,0.00,0.00,0.00,0.00,0.00,0.00,0.00,0.00,0.00",,0.00,0.00,,
lululemon everywhere fleece belt bag dupe,,0,"0.00,0.00,0.00,0.00,0.00,0.00,0.00,0.00,0.00,0.00,0.00,0.00",,0.00,0.00,,
lululemon everywhere fleece belt bag reviews,,0,"0.00,0.00,0.00,0.00,0.00,0.00,0.00,0.00,0.00,1.00,0.00,0.00",,0.00,1.00,,
lululemon everywhere.belt bag,,0,"0.00,0.00,0.00,0.00,0.00,0.00,0.00,0.00,0.00,0.00,0.00,0.00",,0.92,1.00,,
lululemon everywhere.belt.bag,,0,"0.00,0.00,0.00,0.00,0.00,0.00,0.00,0.00,0.00,0.00,0.00,0.00",,0.92,1.00,,
lululemon extended everywhere belt bag,,0,"0.00,0.00,0.00,0.00,0.00,0.00,0.00,0.00,0.00,0.00,0.00,0.00",,0.00,0.00,,
lululemon fanny pack everywhere belt bag,,0,"0.00,0.00,0.00,0.00,0.00,0.00,0.00,0.00,0.00,0.00,0.00,0.00",,0.00,0.00,,
lululemon java everywhere belt bag,,0,"0.00,0.00,0.00,0.00,0.00,0.00,0.00,0.00,0.00,0.00",,0.00,0.00,,
lululemon large everywhere belt bag review,,0,"0.00,0.00,0.00,0.00,0.00,0.00,0.00,0.00,0.00,0.00,0.00,0.00",,0.00,0.00,,
lululemon navy everywhere belt bag,,0,"0.00,0.00,0.00,0.00,0.00,0.00,0.00,0.00,0.00,0.00,0.00,0.00",,0.00,0.00,,
lululemon pastel blue everywhere belt bag,,0,"0.00,0.00,0.00,0.00,0.00,0.00,0.00,0.00,0.00,0.00,0.00",,0.00,0.00,,
lululemon pink pastel everywhere belt bag,,0,"0.00,0.00,0.00,0.00,0.00,0.00,0.00,0.00,0.00,0.00,0.00,0.00",,0.00,0.00,,
lululemon red everywhere belt bag employee,,0,"0.00,0.00,0.00,0.00,0.00,0.00,0.00,0.00,0.00,0.00,0.00,0.00",,0.00,0.00,,
lululemon teal everywhere belt bag,,0,"0.00,0.00,0.00,0.00,0.00,0.00,0.00,0.00,0.00,0.00,0.00,0.00",,0.00,0.00,,
lululemon tidewater teal everywhere belt bag,,0,"0.00,0.00,0.00,0.00,0.00,0.00,0.00,0.00,0.00,0.00,0.00,0.00",,0.00,0.00,,
lululemon us everywhere belt bag,,0,"0.00,0.00,0.00,0.00,0.00,0.00,0.00,0.00,0.00,0.00,0.00,0.00",,0.00,0.00,,
lululemon usa everywhere belt bag,,0,"0.00,0.00,0.00,0.00,0.00,0.00,0.00,0.00,0.00,0.00,0.00,0.00",,0.00,0.00,,
lululemon wear everywhere belt bag black,,0,"0.00,0.00,0.00,0.00,0.00,0.00,0.00,0.00,0.00,0.00,0.00,0.00",,0.00,0.00,,
lululemon wear everywhere belt bag extended strap,,0,"0.00,0.00,0.00,0.00,0.00,0.00,0.00,0.00,0.00,0.00,0.00,0.00",,0.00,0.00,,
lululemon wear everywhere belt bag fleece,,0,"0.00,0.00,0.00,0.00,0.00,0.00,0.00,0.00,0.00,0.00,0.00,0.00",,0.00,0.00,,
lululemon yellow everywhere belt bag,,0,"0.00,0.00,0.00,0.00,0.00,0.00,0.00,0.00,1.00,1.00,0.00,0.00",,0.00,0.00,,
lululemon. everywhere belt bag,,0,"0.00,0.00,0.00,0.00,0.00,0.00,0.00,0.00,0.00,0.00,0.00,0.00",,0.92,1.00,,
lululemon.everywhere belt.bag,,0,"0.00,0.00,0.00,0.00,0.00,0.00,0.00,0.00,0.00,0.00,0.00,0.00",,0.92,1.00,,
lululemon: everywhere belt bag,,0,"0.00,0.00,0.00,0.00,0.00,0.00,0.00,0.00,0.00,0.00,0.00,0.00",,0.92,1.00,,
lululemone everywhere belt bag,,0,"0.00,0.00,0.00,0.00,0.00,0.00,0.00,0.00,0.00,0.00,0.00,0.00",,0.00,0.00,,
mini everywhere belt bag lululemon,,0,"0.00,0.00,0.00,0.00,0.00,0.00,0.00,0.00,0.00,0.00,0.00,0.00",,0.00,0.00,,
nwt lululemon everywhere belt bag black,,0,"0.00,0.00,0.00,0.00,0.00,0.00,0.00,0.00,0.00,0.00,0.00,0.00",,0.00,0.00,,
price of lululemon everywhere belt bag,,0,"0.00,0.00,0.00,0.00,0.00,0.00,0.00,0.00,0.00,0.00,0.00,0.00",,0.00,0.00,,
purple lululemon everywhere belt bag,,0,"0.00,0.00,0.00,0.00,0.00,0.00,0.00,0.00,0.00,0.00,0.00,0.00",,0.00,0.00,,
red lululemon everywhere belt bag exclusive,,0,"0.00,0.00,0.00,0.00,0.00,0.00,0.00,0.00,0.00,0.00,0.00,0.00",,0.00,0.00,,
silver lululemon everywhere belt bag,,0,"0.00,0.00,0.00,0.00,0.00,0.00,0.00,0.00,0.00,0.00,0.00,0.00",,0.00,0.00,,
sonic pink everywhere belt bag lululemon,,0,"0.00,0.00,0.00,0.00,0.00,0.00,0.00,0.00,0.00,0.00,0.00,0.00",,0.00,0.00,,
the everywhere belt bag from lululemon,,0,"0.00,0.00,0.00,0.00,0.00,0.00,0.00,0.00,0.00,0.00,0.00,0.00",,0.00,0.00,,
trench lululemon everywhere belt bag,,0,"0.00,0.00,0.00,0.00,0.00,0.00,0.00,0.00,0.00,0.00,0.00,0.00",,0.00,0.00,,
what happened to the lululemon everywhere belt bag,,0,"0.00,0.00,0.00,0.00,0.00,1.00,0.00,1.00,0.00,0.00,0.00,0.00",,0.00,0.00,,
when does lululemon everywhere belt bag restock,,0,"0.00,0.00,0.00,0.00,0.00,0.00,0.00,0.00,0.00,0.00,0.00,0.00",,0.00,0.00,,
when does lululemon restock everywhere belt bags,,0,"0.00,0.00,0.00,0.00,0.00,0.00,0.00,0.00,0.00,0.00,0.00,0.00",,0.00,0.00,,
when does lululemon restock the everywhere belt bag,,0,"0.00,0.00,0.00,0.00,0.00,0.00,0.00,0.00,0.00,0.00,0.00,0.00",,0.00,0.00,,
when is lululemon restocking everywhere belt bag,,0,"0.00,0.00,0.00,0.00,0.00,0.00,0.00,0.00,0.00,0.00,0.00,0.00",,0.00,0.00,,
when is lululemon restocking the everywhere belt bag,,0,"0.00,0.00,0.00,1.00,0.00,0.00,0.00,0.00,0.00,0.00,0.00,0.00",,0.00,0.00,,
when is the lululemon everywhere belt bag restocking,,0,"0.00,0.00,0.00,1.00,0.00,0.00,0.00,0.00,0.00,0.00,0.00,0.00",,0.00,0.00,,
when will lululemon everywhere belt bag restock,,0,"0.00,1.00,0.00,0.00,0.00,0.00,0.00,0.00,0.00,0.00,0.00,0.00",,0.00,0.00,,
when will lululemon restock the everywhere belt bag,,0,"0.00,0.00,0.00,1.00,0.00,0.00,1.00,0.00,0.00,0.00,0.00,0.00",,0.00,0.00,,
when will lululemon restock their everywhere belt bag,,0,"0.00,0.00,0.00,0.00,0.00,0.00,0.00,0.00,0.00,0.00,0.00,0.00",,0.00,0.00,,
when will the lululemon everywhere belt bag restock,,0,"0.00,0.00,0.00,0.00,1.00,0.00,1.00,0.00,0.00,0.00,0.00,0.00",,0.00,0.00,,
where can i get the lululemon everywhere belt bag,,0,"0.00,0.00,0.00,0.00,0.00,0.00,0.00,0.00,0.00,0.00,0.00,0.00",,0.00,0.00,,
where to get lululemon everywhere belt bag,,0,"0.00,0.00,0.00,0.00,0.00,0.00,0.00,0.00,0.00,0.00,0.00,0.00",,0.00,0.00,,
where to get the lululemon everywhere belt bag,,0,"0.00,0.00,0.00,0.00,0.00,0.00,0.00,0.00,0.00,0.00,0.00,0.00",,0.00,0.00,,
white opal everywhere belt bag lululemon,,0,"0.00,0.00,0.00,0.00,0.00,0.00,0.00,0.00,0.00,0.00,0.00,0.00",,0.00,0.00,,
why did lululemon discontinue everywhere belt bag,,0,"0.00,0.00,0.00,0.00,0.00,0.00,0.00,0.00,0.00,0.00,0.00,0.00",,0.00,0.00,,
will lululemon restock the everywhere belt bag,,0,"0.00,0.00,0.00,0.00,0.00,0.00,0.00,0.00,0.00,0.00,0.00,0.00",,0.00,0.00,,
will the lululemon everywhere belt bag restock,,0,"0.00,0.00,0.00,0.00,0.00,0.00,0.00,0.00,0.00,0.00,0.00,0.00",,0.00,0.00,,
yellow lululemon everywhere belt bag,,0,"0.00,0.00,0.00,0.00,0.00,0.00,0.00,0.00,0.00,0.00,0.00,0.00",,0.00,0.00,,
