,rate,user,comment,comment_time,helpful
0,5 stars,sugo man,Excellent Application,2024-04-04,
1,5 stars,Safdar Mehsud,Excellent application,2024-04-03,
2,5 stars,Hamza Atta,Excellent,2024-04-01,
3,5 stars,Willmer Piedra,Excellent application,2024-03-13,
4,3 stars,Zafar Waqas,,2024-03-12,
5,5 stars,Dustin Fox,,2024-03-07,
6,4 stars,Asher Gill Official,excellent,2024-03-06,1 person found this review to be helpful
7,5 stars,HOANG DO LE,,2024-03-02,
8,5 stars,ciman kasr,,2024-03-02,
9,5 stars,MLALA,Ù…Ù…ØªØ§Ø² Ø¬Ø¯Ø§,2024-02-29,
10,5 stars,à®‡à®¸à¯à®²à®¾à®®à®¿à®¯ à®¨à®Ÿà¯ˆ à®ªà®¾à®¤à¯ˆ LET'S PREPARE FOR JENNAH,thank you so much,2023-12-24,1 person found this review to be helpful
11,5 stars,Sumon Khan,,2023-12-23,
12,5 stars,Kawser Abir,very amazing,2023-12-23,
13,5 stars,Manjul Kumar,,2023-12-19,
14,5 stars,Wakil Bro,really nice,2023-12-11,
15,5 stars,Md Shahadat Hossain Talukdar,Hi Guys! nice work,2023-12-10,
16,5 stars,Isaac Enaholo,nice work,2023-12-07,1 person found this review to be helpful
17,5 stars,Bushra Aziz,Nice,2023-12-02,1 person found this review to be helpful
18,5 stars,hosi rezi,supeeeeer,2023-11-29,
19,5 stars,Md Zubaer Hossain,Good,2023-11-28,
20,5 stars,kenza brahmi,supeeeeer,2023-11-26,
21,4 stars,Israel Ojerinde,Good,2023-11-26,
22,5 stars,kasun madusanka,gooddd,2023-11-19,1 person found this review to be helpful
23,5 stars,Stuff On Deals,Best way to earn cashback and get discounts,2023-11-19,
24,5 stars,an bi,atcoupon náº¿u thá»±c sá»± rÃºt Ä‘Æ°á»£c tiá»n thÃ¬ Ä‘Ã¢y lÃ  bá»™ cÃ´ng cá»¥ tá»‘t nháº¥t vá» cash back,2023-11-15,
25,5 stars,Johnpaul Malig,Best,2023-11-10,2 out of 2 people found this helpful
26,5 stars,Giasuddin Mia,FatCoupon is a shopping enablement company. We help our community save more when they shop online by providing handpicked promo codes that are automatically,2023-11-08,1 person found this review to be helpful
27,5 stars,Googles Chrome,Best way to earn cashback,2023-10-29,1 person found this review to be helpful
28,5 stars,Jannatul Mobashera,nice,2023-10-21,
29,5 stars,Lyndsey Clausen,seems easy,2023-10-21,
30,5 stars,areeb alinawaz,ggz,2023-10-14,1 person found this review to be helpful
31,5 stars,Neeraj Dhruw,"best shopping coupon website 
must recommended ......",2023-10-04,1 person found this review to be helpful
32,5 stars,Rohit Raj,"I'm so close to finally getting a $50 reward. It works, just make sure you don't leave the Fatcoupon entry point. It's hard to explain, but I was supposed to get a very big reward for a cellphone purchase but it was invalidated because of something I clicked in between. You do need to earn $50 before a payout and it takes awhile for approval. Just don't expect your reward right away.",2023-09-30,1 person found this review to be helpful
33,4 stars,jamie scimemi,i like the browser extension it seems to find the right deals.,2023-09-26,
34,5 stars,Pir Badshah,good,2023-09-26,
35,5 stars,ankan banerjee,"This chrome extensions is one of the best extensions that i have every use, because i was always find the best offers and deals for every sites that i use in my daily life and i do this work manually which is very time taken but this chrome extensions automatically find the best offer and cashback for you, and also the withdrew is very fast and secure.",2023-09-24,
36,5 stars,Azzedine Safia,"The FatCoupon Chrome extension is an amazing tool that has helped me save a lot of money on my online purchases. Whenever I search for a product or service, I can easily find relevant coupons and discounts with this extension.",2023-09-22,
37,3 stars,Veronica North,"Every time I activate rewards using the FatCoupon extension popups, the home page of the site I'm on loads, then the tab just...closes. Without any intervention from me. I click ""Activate Rewards"" then the site's home page loads, then the tab closes. Every website, every time. Fix this, and the extension will be awesome. :)",2023-09-21,
38,5 stars,Jerold Billings (Togida LLC),"Fantastic chrome add-on! In merely my initial four weeks, I've amassed an astonishing tally exceeding 10,000 points. This particular extension outshines a majority of its competitors by delivering a plethora of search outcomes. Plus, navigating its features feels incredibly intuitive.",2023-09-20,
39,5 stars,Syed Hamid Kakakhail,i loved using fatcoupan since past six months.it saves a lot of time and money for me. when i purchased some products from online market it give cashback to me and save my money just save love this app,2023-09-16,
40,5 stars,mudassar chand,I  love it this platform give us  much discount as  u want.so dont waste ur time and join it  and avail this super offer.,2023-09-16,
41,5 stars,Lionel Appiah,IN LOVE WITH YOU GUYS,2023-09-12,
42,5 stars,Bataria jawa,"I really like Extensions
from fatcoupon, it is very easy to use and generates balance",2023-09-12,
43,5 stars,Giovanna Saldanha,Really helpful. FatCoupon has helped me a lot. I used to struggle to find cashback apps that really worked and now I cannot see myself shopping online and not using FatCoupon!,2023-09-12,
44,5 stars,Elba Yzarra Matos,"The FatCoupon Chrome extension is an amazing tool that has helped me save a lot of money on my online purchases. Whenever I search for a product or service, I can easily find relevant coupons and discounts with this extension.",2023-09-05,
45,5 stars,Jeff Sadden,FatCoupon is an easy to use chrome extension to use for cash back. The FatCoupon website is also a good resource for shopping,2023-09-04,
46,4 stars,Ismail Warsameh,"I have been using FatCoupon for months, and I have had a positive experience overall. I find that it is the best when it comes to finding discounts and cashback offers. The website is easy to use, and the promo codes are always up-to-date. I would definitely recommend FatCoupon to anyone looking to save money on their online purchases.

Here are some specific things that you can mention to support your statement that FatCoupon is the best when it comes to discounts and cashback:

The number o... Show more",2023-09-02,
47,4 stars,mostafa shakibani,"This app real not fake, at all it's good",2023-08-31,
48,4 stars,Starr P,"I like the app alot , however it tkes forever to get enough points to get your cashback rewards... it seems like it holds most the rewards in your ""approved"" account for months and months before releasing them...",2023-08-31,
49,5 stars,Arshia Butt,nice platform for access to a number of cashbacks,2023-08-30,1 person found this review to be helpful
50,5 stars,Muzahidul Islam,i love this app,2023-08-30,
51,5 stars,Nayeem Khan 1,This Website A Super Cool.,2023-08-29,2 out of 2 people found this helpful
52,5 stars,Complication Complict,legit app and website,2023-08-29,2 out of 2 people found this helpful
53,5 stars,Md.Tareque Ahmed,"FatCoupon Chrome Extension is a game-changer! It effortlessly finds the best deals, saving me time and money while shopping online. Highly recommended! It consistently hunts and applies the best deals, ensuring maximum savings. A must-have tool for every savvy shopper!It consistently hunts and applies the best deals, ensuring maximum savings.",2023-08-29,
54,5 stars,A Grove,I enjoy using it for deals and easy ways to make cashback. Its easy to accumilate and the cashout is at $50. Good referral program bonus dependent upon person cashing out.,2023-08-27,
55,1 stars,Brian Smith,"I think there is something off with this extension and all of the positive reviews. This extension will redirect you AWAY from your checkout screen and towards spam sites, like online casinos for instance. I would be very wary of this extension for security reasons, plus would not recommend based on the inconvenience it causes you at checkout. No promo codes are automatically applied.",2023-08-27,1 person found this review to be helpful
56,5 stars,Onlne Shpng,Very good chrome extension. I always use it find the promo codes and apply automatically at the checkout. It also provides you the best cashback rate that is available out there. Love this extension.,2023-08-26,
57,5 stars,JosÃ© Miguel,melhor experiÃªncia que eu tive na minha vida.ðŸ¤©ðŸ¤©ðŸ¤©,2023-08-26,
58,5 stars,Razak Mumin,HELLO SIR/MADAM I CHOOSE MAPPING PHONE FOR MY DRIVE WHAT ABOUT YOU GET IT AND DRIVE ALIVE. THANK YOU YOU CAN VISIT US ON GOOGLE PLAY /MICROSOFT  APP.    (RAZAK MUMIN,2023-08-24,
59,4 stars,Mudassir Bajwa,Best deals are now available,2023-08-22,2 out of 2 people found this helpful
60,5 stars,Brittani Whatmore,Love this app and all the deals!!,2023-08-21,2 out of 2 people found this helpful
61,5 stars,Krishna Reddy,I have been using this app from very long time now and i'm enjoying using this app for shopping. Great deals and great cashbacks.,2023-08-21,2 out of 2 people found this helpful
62,5 stars,joseph benson,"FatCoupon Cash Back & Promo Codes is a fantastic money-saving tool. With its wide range of deals, it effortlessly helps you save while shopping. Highly recommended!",2023-08-21,1 person found this review to be helpful
63,5 stars,Rana Waseem,"FatCoupon is the best shopping app I've ever used. It's user-friendly and offers a wide range of products. The checkout process is smooth, and tracking orders is convenient. It's really good app.",2023-08-20,1 person found this review to be helpful
64,5 stars,Omayma Hili,"Love it !, this extension helps me a lot , it gives me the choise to spend less and save more , plus it's gives its users a lot of options and services for a the maximum profit.",2023-08-20,1 person found this review to be helpful
65,5 stars,Harsh,"FatCoupon is the best shopping app I've ever used. It's user-friendly and offers a wide range of products. The checkout process is smooth, and tracking orders is convenient. It's really good app.",2023-08-19,1 person found this review to be helpful
66,5 stars,Maam maam,"fatcoupon extension is great, good UI design and simple to use, it can get you an amazing discounts just for one click, its super amazing i really suggest anyone to download it",2023-08-19,
67,5 stars,æž—å­æ¸…,"I like this extension, it allows me to find a lot of offers and get rebates, the amount of rebates is very large, I have used the most",2023-08-18,
68,5 stars,November,i was reffered to fatcoupon and really wasnt sure about it due to past experience with other cashback and coupon apps . it was easy signing up no personal info required only email and first name and number. at first i was having trouble with the extension but i did not know it had to be downloaded on a pc and not mobile device . looking forward to earning and saving on purchases.,2023-08-18,
69,5 stars,sipho ndlovu,"Fatcoupon is the best when it comes to discounts and cashback, i have been using it for months and my experience is just positive",2023-08-16,2 out of 2 people found this helpful
70,5 stars,çŸ³ç§‹æœˆ,"I love it ! 
its a very useful and easy to save money!",2023-07-25,
71,5 stars,Galip Furkan,PERFECT,2023-07-20,
72,5 stars,Farman khan Kakar,this app is so amazing,2023-07-13,4 out of 4 people found this helpful
73,5 stars,Francis Katiku,a good product i love it,2023-07-11,4 out of 4 people found this helpful
74,5 stars,OMAR FARUK,"The FatCoupon Chrome extension is an amazing tool that has helped me save a lot of money on my online purchases. Whenever I search for a product or service, I can easily find relevant coupons and discounts with this extension.",2023-07-08,3 out of 3 people found this helpful
75,5 stars,Tinne Huybrechts,goed zo,2023-07-07,
76,5 stars,marc Baeyens,ben zeer te vreden over jullie,2023-07-07,
77,5 stars,Fazal Naeem,good app and nice job,2023-07-02,2 out of 2 people found this helpful
78,5 stars,Ruhama Sahilu,gr8,2023-06-30,2 out of 2 people found this helpful
79,5 stars,Carlo Russo,This app is so great and amazing,2023-06-24,2 out of 2 people found this helpful
80,5 stars,Innocent Chukwuebuka Obaji,A great app for making cool cash,2023-06-24,1 person found this review to be helpful
81,5 stars,Hn Jd,mantap,2023-06-23,
82,4 stars,Vickleo Shigaba,I don't really know how to earn on this platform. But I love it anyway.,2023-06-22,1 person found this review to be helpful
83,5 stars,taj rian,goo,2023-06-20,1 person found this review to be helpful
84,1 stars,Alfred Kemeh,It is getting interesting in these few days I started using it,2023-06-16,2 out of 2 people found this helpful
85,4 stars,Mahmoud Basha,ÙˆÙŠÙ† Ø§Ù„ÙƒÙ…Ø«Ø±Ù‰,2023-06-15,
86,5 stars,Malih Avu'gula,great,2023-06-13,7 out of 8 people found this helpful
87,5 stars,utku boru,really usefull,2023-06-13,
88,5 stars,Joseph olamide ochepo,"it has been a lovely experience so far, loving every bit of it",2023-06-12,4 out of 5 people found this helpful
89,5 stars,Ny Aro Alexei ANDOARIVONY,It is cool,2023-06-12,1 person found this review to be helpful
90,3 stars,Pyarjung Thapa,its really good.,2023-06-12,5 out of 5 people found this helpful
91,5 stars,Zeshan Nazir,very good app in thi word,2023-06-11,5 out of 5 people found this helpful
92,5 stars,Elmarie Theron,LOVELY,2023-06-11,3 out of 3 people found this helpful
93,5 stars,mdsuman haolader,thans for tou,2023-06-10,3 out of 3 people found this helpful
94,4 stars,Saira Khan (saarikhan),i like it,2023-06-10,4 out of 4 people found this helpful
95,4 stars,ayesha jamil,amazing app,2023-06-10,3 out of 3 people found this helpful
96,5 stars,salman khan,wonderful,2023-06-08,4 out of 4 people found this helpful
97,1 stars,anila laiqat,Fake app,2023-06-05,7 out of 10 people found this helpful
98,5 stars,Charles Meruo,wonderful,2023-06-05,8 out of 8 people found this helpful
99,5 stars,Jerry Marc Celestial,thank you,2023-06-05,7 out of 7 people found this helpful
100,5 stars,Shayan Ullah,I really love it,2023-06-01,6 out of 6 people found this helpful
101,5 stars,Aseel fighters,love it,2023-06-01,7 out of 7 people found this helpful
102,5 stars,Persnal Account,Nice site and extention,2023-06-01,7 out of 7 people found this helpful
103,5 stars,Xtine mehid Pabriga,"This is awesome!, I really enjoy and loved doing this!",2023-05-31,5 out of 5 people found this helpful
104,5 stars,Md. Mohsin Hossain,very,2023-05-31,5 out of 5 people found this helpful
105,5 stars,sania freelancer,its a wonderful platform . i really appreciate it .its fantastic seriously,2023-05-31,6 out of 6 people found this helpful
106,5 stars,Saima Naaz,EXCELLENT,2023-05-30,8 out of 8 people found this helpful
107,5 stars,Islamic Videos,beautiful,2023-05-29,7 out of 7 people found this helpful
108,5 stars,Iyazi Dungelo,great app for making money,2023-05-29,6 out of 6 people found this helpful
109,5 stars,Yo boy Photo,Loved it,2023-05-27,4 out of 4 people found this helpful
110,5 stars,Mr _ Abhay,This is a very profitable place and make more money,2023-05-26,3 out of 3 people found this helpful
111,5 stars,NGOPERIAN MANTIAN,perfect should try it,2023-05-25,5 out of 5 people found this helpful
112,5 stars,Ladies Fashion View,good,2023-05-25,2 out of 2 people found this helpful
113,5 stars,Fikru Ali,i like it good and productive form,2023-05-24,3 out of 3 people found this helpful
114,5 stars,extra ordinary,Really very good,2023-05-24,5 out of 5 people found this helpful
115,5 stars,Ø¹Ø¨Ø¯ Ø§Ù„Ø´Ø±Ù‚Ø§ÙˆÙŠ,Ø´ÙƒØ±Ù†,2023-05-24,
116,5 stars,Krishna Bahadur Bogati,really good,2023-05-23,5 out of 5 people found this helpful
117,5 stars,Manaek Sirait,so many product and many cashback of course....,2023-05-23,4 out of 4 people found this helpful
118,5 stars,Ibrahim Bader,im installed on chrome but did nt get 5 $,2023-05-23,5 out of 5 people found this helpful
119,4 stars,Love lopez,I really liked it,2023-05-22,8 out of 8 people found this helpful
120,5 stars,Jamil Khan,I had a great experience with this online marketplace â€“ the selection was impressive and the prices were competitive.,2023-05-22,6 out of 6 people found this helpful
121,4 stars,Asif Nawaz,the bast  apss,2023-05-21,7 out of 7 people found this helpful
122,2 stars,Hamza Bhomani,is app pa kam karna hai kaisa ho ga,2023-05-21,4 out of 4 people found this helpful
123,5 stars,Aslam Asghar,Great :),2023-05-21,4 out of 4 people found this helpful
124,5 stars,Md. Abu Ishaque Ali,"really wonderful and user and customer friendly site. it is the best site, beside it is android accepted",2023-05-20,6 out of 6 people found this helpful
125,5 stars,shovo rana,GOOD,2023-05-20,3 out of 3 people found this helpful
126,5 stars,sadia babar,very good experiance and nice work.,2023-05-19,4 out of 4 people found this helpful
127,5 stars,ali husnain,nice,2023-05-18,9 out of 9 people found this helpful
128,5 stars,Islem benselem,un bon site FatCoupon je vous invite a le dÃ©couvrir. plein de promo,2023-05-17,3 out of 3 people found this helpful
129,5 stars,sameer khan,i also check and then i give a review,2023-05-17,7 out of 7 people found this helpful
130,5 stars,Maliha Aamir,amazing platform,2023-05-16,7 out of 7 people found this helpful
131,5 stars,Mahimeta - White Team,amazing platform,2023-05-16,7 out of 8 people found this helpful
132,5 stars,reaad rediwan,wow,2023-05-15,6 out of 6 people found this helpful
133,5 stars,amir shoaib,mera be yahe masla arha ha no given bonss,2023-05-15,5 out of 5 people found this helpful
134,5 stars,Alisha khan,be great  app savings  for the  money,2023-05-14,5 out of 5 people found this helpful
135,5 stars,Khanduker Noore Shamim,Thanks for discount,2023-05-12,3 out of 4 people found this helpful
136,5 stars,SareALM Tv,good,2023-05-11,1 person found this review to be helpful
137,5 stars,Hasib Hasan Taki,loved it,2023-05-11,4 out of 5 people found this helpful
138,5 stars,Engr Shahbaz Tariq,nice,2023-05-09,7 out of 7 people found this helpful
139,4 stars,Un Vannarith,good product and service,2023-05-07,5 out of 6 people found this helpful
140,5 stars,Adnan Sajid,amazing product,2023-05-06,4 out of 4 people found this helpful
141,3 stars,Millycent Amugune,its the best product,2023-05-06,5 out of 5 people found this helpful
142,5 stars,prince oluwaseun dalamu,amazing product,2023-05-06,3 out of 3 people found this helpful
143,5 stars,zafar azmi,wow,2023-05-05,3 out of 4 people found this helpful
144,5 stars,Anthony Morrison,GREAT!,2023-05-05,3 out of 3 people found this helpful
145,5 stars,Imtiaz Rafi,"Powerful  rating product, and good service hige quality expancive this app I liked it",2023-05-05,4 out of 4 people found this helpful
146,5 stars,Wania Hareem,its amazing,2023-05-04,3 out of 3 people found this helpful
147,4 stars,muhammad idrees,Very good,2023-05-03,4 out of 4 people found this helpful
148,5 stars,Sadhana Sigdel,It is great.,2023-05-03,6 out of 6 people found this helpful
149,5 stars,MD HASANUR RAHMAN,Fat Coupon is the best option to save money from shopping ..from world's reknowned  market place,2023-05-03,2 out of 2 people found this helpful
150,5 stars,Muhammad usman,wow amazing,2023-05-03,4 out of 4 people found this helpful
151,5 stars,Emoabino Emmanuel,this is actually very nice,2023-05-03,3 out of 3 people found this helpful
152,5 stars,rabira kena,excellent,2023-05-02,3 out of 4 people found this helpful
153,5 stars,vey loves,this a great app for saving money and at the same time having luxury items,2023-05-02,6 out of 6 people found this helpful
154,5 stars,Maaz Butt,its so great,2023-05-02,8 out of 9 people found this helpful
155,5 stars,MD.Israfil Bepari,good,2023-05-01,6 out of 6 people found this helpful
156,5 stars,3141. Bidhan Kumer Halder,very good,2023-05-01,7 out of 7 people found this helpful
157,5 stars,judith arroyo,this is good,2023-04-30,7 out of 7 people found this helpful
158,5 stars,Rafi Ullah,Excellent & easy to use,2023-04-30,6 out of 6 people found this helpful
159,5 stars,ÐÐ»ÐµÐºÑÐµÐ¹ Ð›ÐµÐ¾Ð½Ð¸Ð´Ð¾Ð²Ð¸Ñ‡,ÐžÑ‚Ð».,2023-04-29,
160,3 stars,TEA TIMBUELA,It`s fantastic and a good appreciation,2023-04-28,8 out of 8 people found this helpful
161,5 stars,omayer hossain,"very good , I like this . everybody should use this site.",2023-04-28,4 out of 4 people found this helpful
162,5 stars,äº—ã€–KAMRANã€—äº—,good,2023-04-27,5 out of 5 people found this helpful
163,3 stars,Ariful Islam,good shopping place of online,2023-04-27,5 out of 5 people found this helpful
164,5 stars,gaymenhaving,10/10,2023-04-27,4 out of 4 people found this helpful
165,5 stars,abhi bajpai,gud,2023-04-27,3 out of 3 people found this helpful
166,5 stars,Kim Ngá»c Nguyá»…n,this app great,2023-04-26,
167,5 stars,Taposh Mridha,verry good and i am enjoying to shopping,2023-04-25,4 out of 4 people found this helpful
168,5 stars,Saju Molla,Good very good app,2023-04-25,4 out of 4 people found this helpful
169,5 stars,KHAN G,always selling good products,2023-04-25,4 out of 4 people found this helpful
170,5 stars,Tun Tun Naing,New experiences and great,2023-04-24,4 out of 4 people found this helpful
171,5 stars,Jayson Mendoza,nice app.,2023-04-23,5 out of 5 people found this helpful
172,5 stars,SR JONY,"good service, best products",2023-04-23,4 out of 4 people found this helpful
173,5 stars,Durjoy Roy,best,2023-04-22,3 out of 3 people found this helpful
174,5 stars,MD FARUK HOSSEN,"It is very nice site & Use full for every parsonit is a very good website for shoppingPlease explain me about it.
I want to do this.
I am needy.
Help me use it.
Tell me the complete way to use it.
Thanks",2023-04-21,5 out of 5 people found this helpful
175,5 stars,Muhammad Azan Naeem,its very good,2023-04-20,5 out of 5 people found this helpful
176,5 stars,naguez Khayri,bien,2023-04-19,2 out of 2 people found this helpful
177,5 stars,Celia Arce,IncreÃ­ble y fabulosa.,2023-04-19,
178,5 stars,muhammad imran,It is very nice site & Use full for every parson,2023-04-19,7 out of 7 people found this helpful
179,5 stars,JWERIA ADITER,very exelind and nice,2023-04-18,6 out of 6 people found this helpful
180,5 stars,Manju Devi,veery nice,2023-04-17,7 out of 7 people found this helpful
181,3 stars,Marina Aslam,It is very nice site,2023-04-17,6 out of 6 people found this helpful
182,5 stars,rosa JimÃ©nez,nice+1,2023-04-17,
183,5 stars,Issak Chik,amazing site,2023-04-17,7 out of 7 people found this helpful
184,5 stars,Davies Danceit,its the best love it,2023-04-17,4 out of 4 people found this helpful
185,5 stars,saddam lahbar,Great and Friendly App.,2023-04-16,5 out of 5 people found this helpful
186,5 stars,Emmanuel Ozonnadi,"This is good, you better give it a try....",2023-04-15,7 out of 7 people found this helpful
187,5 stars,Robert john,it is very good and help ful,2023-04-15,3 out of 3 people found this helpful
188,5 stars,Moner Herzalla,good,2023-04-14,1 person found this review to be helpful
189,4 stars,PRATAP JAMBIL,nice job,2023-04-14,3 out of 3 people found this helpful
190,5 stars,Khan Saud,it is very good. I like this,2023-04-13,3 out of 3 people found this helpful
191,5 stars,Ibrahim moustafa,It's Wonderful,2023-04-13,5 out of 5 people found this helpful
192,5 stars,BOINGOTLO PILATE,Great app.,2023-04-13,3 out of 3 people found this helpful
193,5 stars,Johane Mantswe,Great app.,2023-04-13,3 out of 3 people found this helpful
194,5 stars,Adhir Chandro Roy,Great application .,2023-04-12,4 out of 4 people found this helpful
195,5 stars,Atta Mohammad,its great and good.,2023-04-12,4 out of 4 people found this helpful
196,5 stars,Afika Jezile,"good service, best products",2023-04-11,6 out of 6 people found this helpful
197,5 stars,Mide Kolawole,Alway selling good products,2023-04-11,5 out of 5 people found this helpful
198,5 stars,Pasuli Pasulaj,good project love it,2023-04-11,4 out of 4 people found this helpful
199,5 stars,Harry Vibe,a great platform with the hottest deals online,2023-04-11,2 out of 2 people found this helpful
200,5 stars,Nayim Islam,it's a very good,2023-04-11,3 out of 3 people found this helpful
201,4 stars,Creativity with Muhammad Hasnain,it is a very good website for shopping,2023-04-11,4 out of 4 people found this helpful
202,5 stars,ahad ullah,FatCoupon is an excellent ap.,2023-04-11,3 out of 3 people found this helpful
203,5 stars,MD AZAM HOSSAIN,i really good to see this website amazing works,2023-04-10,2 out of 2 people found this helpful
204,5 stars,Ishrat Islam,i have tha id ..and his is tha yrusted platform,2023-04-10,1 person found this review to be helpful
205,4 stars,Thinking movies,GOOD app,2023-04-09,3 out of 3 people found this helpful
206,4 stars,Abu Horayra Rabby,FatCoupon is an excilent ap.,2023-04-09,4 out of 4 people found this helpful
207,4 stars,Sikandar Ali,Very Easy to Use and Comfatable,2023-04-08,6 out of 6 people found this helpful
208,5 stars,Md Sazzad,Awesome app user friendly......,2023-04-05,4 out of 4 people found this helpful
209,5 stars,Mir Ali Hassan,Best,2023-04-05,5 out of 5 people found this helpful
210,5 stars,Hassan Khatak,Awesome app user friendly......,2023-04-04,3 out of 3 people found this helpful
211,5 stars,Ahmed Ali,very goood app,2023-04-04,3 out of 3 people found this helpful
212,5 stars,Sadman Hafiz Shuvo,it is an awesome app. i really pleased to using this,2023-04-03,5 out of 5 people found this helpful
213,5 stars,Nisar Qureshi,"i really good to see this website amazing works
I have most of the money returned apps mounted in my laptop and when I make purchases I compare the percentages of money lower back as nicely as promo codes towards every other. So far, FatCoupon looks to have the fantastic offers and most correct promo codes. I was once no longer positive at first if it was once legit but it is and Iâ€™m so satisfied i brought it to my money lower back app collection. Also, you can earn money lower back day by da... Show more",2023-04-02,7 out of 7 people found this helpful
214,5 stars,Al Amin,beautiful it. good for anything join it,2023-04-02,4 out of 4 people found this helpful
215,5 stars,MRK3H TV,"Great app
I have most of the money returned apps mounted in my laptop and when I make purchases I compare the percentages of money lower back as nicely as promo codes towards every other. So far, FatCoupon looks to have the fantastic offers and most correct promo codes. I was once no longer positive at first if it was once legit but it is and Iâ€™m so satisfied i brought it to my money lower back app collection. Also, you can earn money lower back day by day simply for checking in. Donâ€™t go buy... Show more",2023-04-02,4 out of 4 people found this helpful
216,5 stars,muzamil khan,very good,2023-03-31,7 out of 8 people found this helpful
217,1 stars,md sohag ahamed,This website and app helpful.,2023-03-31,7 out of 9 people found this helpful
218,5 stars,Waseem Babar,very helpful app,2023-03-31,3 out of 4 people found this helpful
219,5 stars,Bannya Roy,good,2023-03-30,4 out of 7 people found this helpful
220,5 stars,md parvez,this is amost populer site in woeuld.,2023-03-30,3 out of 5 people found this helpful
221,5 stars,Ayoub Mohamed,thats a very great app,2023-03-30,1 person found this review to be helpful
222,5 stars,sajid mahmud sadi,awesome,2023-03-30,3 out of 3 people found this helpful
223,5 stars,Mr Hecto,coolest,2023-03-30,4 out of 4 people found this helpful
224,5 stars,Mr. Rocky,joss website i have ever seen,2023-03-29,3 out of 3 people found this helpful
225,5 stars,Mohammad naveed,I think is a very good website,2023-03-29,4 out of 4 people found this helpful
226,5 stars,Firii Dhugaa,LOVED IT SO MUCH,2023-03-29,4 out of 4 people found this helpful
227,5 stars,Md Tusar Ahamed,love it,2023-03-29,2 out of 2 people found this helpful
228,5 stars,faiz mobile,very good web,2023-03-29,2 out of 2 people found this helpful
229,4 stars,Mubassher Shafique,its very good app and i recomended for people,2023-03-29,3 out of 3 people found this helpful
230,5 stars,Dawood Khan,good app,2023-03-29,3 out of 3 people found this helpful
231,5 stars,norilynnorris regala,good experience.,2023-03-29,2 out of 2 people found this helpful
232,5 stars,Anas Kiani,fatcoupon is best money earning apss .i love it .It last i say everyone to use this app for earning meany with enjoy,2023-03-29,3 out of 3 people found this helpful
233,5 stars,Paulo De La Rea,best coupon generator,2023-03-28,2 out of 2 people found this helpful
234,5 stars,Shahzad Raza,fatcoupon is best money earning apss .i love it .It last i say everyone to use this app for earning meany with enjoy,2023-03-27,6 out of 6 people found this helpful
235,5 stars,Milinda Pradeep,best of one site. love it,2023-03-27,3 out of 3 people found this helpful
236,5 stars,Alamin Shuvo,it is very helpful website. I am love it.,2023-03-27,2 out of 2 people found this helpful
237,4 stars,Kainat eman,good for anything join it,2023-03-27,2 out of 2 people found this helpful
238,5 stars,Bondhon Mirza,love it .,2023-03-27,2 out of 2 people found this helpful
239,4 stars,Sumit Kumar,good app,2023-03-27,3 out of 3 people found this helpful
240,5 stars,Arifin Sohel,Like Serious,2023-03-27,3 out of 3 people found this helpful
241,5 stars,Raheel Imran,this website or app is very good its amazing app,2023-03-26,3 out of 3 people found this helpful
242,5 stars,suleman ali,loved her,2023-03-26,3 out of 4 people found this helpful
243,5 stars,Abdul Ahad,I love this site .Great work,2023-03-26,3 out of 3 people found this helpful
244,5 stars,Colourful World,it was very great,2023-03-26,4 out of 4 people found this helpful
245,4 stars,Atlang Mokgethi,its a great platform,2023-03-25,3 out of 3 people found this helpful
246,5 stars,MUBASHIR AHMAD QURESHI,its great,2023-03-25,3 out of 3 people found this helpful
247,5 stars,Mohsin Fahad (Mian Mohsin),nice,2023-03-24,3 out of 3 people found this helpful
248,5 stars,Gilfred Dolendo,good,2023-03-24,3 out of 3 people found this helpful
249,3 stars,T. Fire,"I love it
it one off the best",2023-03-23,4 out of 4 people found this helpful
250,5 stars,Pedro C Pedro Guni,i love it and highly recommend it to  friends an,2023-03-23,6 out of 6 people found this helpful
251,5 stars,DevOps Studio,wow amazing. perfect one,2023-03-23,4 out of 4 people found this helpful
252,5 stars,Vinuri Manjitha,wow amazing,2023-03-23,4 out of 4 people found this helpful
253,3 stars,shihab somu,nice,2023-03-23,4 out of 4 people found this helpful
254,5 stars,Amina Malik,i love it and highly recomended for friends,2023-03-23,3 out of 3 people found this helpful
255,4 stars,ÅƒÃ¥eeÉ± Å”Ã¥Ã±Ã¥,"I am new to this application, but it seems good for me to work online with attractive discount offers on reputed brands and portals. Thanks",2023-03-22,6 out of 6 people found this helpful
256,5 stars,Cebile Matsebula,"FatCoupon is an excellent app that provides access to numerous discounts and deals from thousands of online retailers. With a user-friendly interface, a browser extension that automatically applies coupons, and the ability to set up alerts, FatCoupon is a great tool for saving money while you shop online. Highly recommended for avid online shoppers.",2023-03-22,6 out of 6 people found this helpful
257,5 stars,Arzusikder rubel,fatcoupon is best money earning apss .i love it .It last i say everyone to use this app for earning meany with enjoy,2023-03-22,5 out of 5 people found this helpful
258,2 stars,rafi ullah,nice,2023-03-22,5 out of 5 people found this helpful
259,5 stars,Abdullah Zulfiqar,Nice,2023-03-22,5 out of 5 people found this helpful
260,5 stars,Ahtisham Ijaz,nice,2023-03-22,5 out of 5 people found this helpful
261,5 stars,official arun rajput,he is very outstanding application i am very happy,2023-03-22,4 out of 5 people found this helpful
262,5 stars,MASUM Mia,nice,2023-03-21,4 out of 4 people found this helpful
263,4 stars,Lissay Joe,best site for earning,2023-03-21,3 out of 3 people found this helpful
264,5 stars,Jannatul Ferdush,i like the app,2023-03-20,3 out of 3 people found this helpful
265,5 stars,Sidra Akram,It's amazing App. Really helpfull.,2023-03-19,1 person found this review to be helpful
266,5 stars,Joes,love it,2023-03-19,2 out of 2 people found this helpful
267,5 stars,grace idama,GOOD ONE,2023-03-19,1 person found this review to be helpful
268,5 stars,Faith Idama,i love it and highly recommend it to  friends,2023-03-19,2 out of 2 people found this helpful
269,4 stars,Zahid Khan,Amazing App i really liked,2023-03-18,1 person found this review to be helpful
270,5 stars,MD Monirul Islam,great website for a student and i refer this to my friend,2023-03-18,3 out of 3 people found this helpful
271,5 stars,chinmay potdar,this is a great website for a student and i refer this to my friend,2023-03-17,3 out of 3 people found this helpful
272,4 stars,Amaz Khan,thats a great thing. You will buy some new items through the coins on Amazon..,2023-03-16,6 out of 7 people found this helpful
273,4 stars,Edward Chakma,Before I don't know it's very marvelous website...,2023-03-15,5 out of 5 people found this helpful
274,5 stars,Nakawooya Josephine,i love it and highly recommend it to  friends an,2023-03-15,4 out of 4 people found this helpful
275,5 stars,John Ongoli,BOOM PERFECT,2023-03-15,3 out of 3 people found this helpful
276,5 stars,Ceyhun Osmanov,superr,2023-03-15,
277,5 stars,ADEPOJU JOSEPH,I LOVE IT,2023-03-14,5 out of 5 people found this helpful
278,5 stars,Mukhtar Ahmad,"LOVE it, Excellent",2023-03-13,3 out of 3 people found this helpful
279,5 stars,idama joseph,Best money saving app on the internet today,2023-03-13,3 out of 3 people found this helpful
280,5 stars,Riccardah njau,Best money saving app on the internet today.,2023-03-12,4 out of 4 people found this helpful
281,5 stars,Agwo John,This is a lifesaver. I will recommend it to my friends and family,2023-03-12,3 out of 3 people found this helpful
282,5 stars,Fardin Ahmad,its very helpful to me.......,2023-03-11,2 out of 2 people found this helpful
283,5 stars,Aye Chan Aung,gg,2023-03-11,2 out of 2 people found this helpful
284,5 stars,Niloy Hasan,Excllent,2023-03-10,3 out of 3 people found this helpful
285,3 stars,Muhammad Ayyaz,"very slow process, I cant understand how I can move it fast?:",2023-03-10,2 out of 2 people found this helpful
286,2 stars,chloe neema,I added the extension to chrome and got nothing. I'm a little disappointed,2023-03-10,2 out of 2 people found this helpful
287,5 stars,Sohanur Rahman,nice incredible offer.............,2023-03-10,2 out of 2 people found this helpful
288,5 stars,T A Siyam,very heplful,2023-03-10,4 out of 4 people found this helpful
289,5 stars,Sk Gamer,exclent,2023-03-09,3 out of 3 people found this helpful
290,4 stars,LORELYN YAUN,GOOD,2023-03-09,3 out of 3 people found this helpful
291,5 stars,Dinesh Thapa,Very good !,2023-03-09,6 out of 6 people found this helpful
292,5 stars,albert lisho,"This is the best website online. You save money whenever you purchase something online. Not only that; you receive a $5 for just signing up on the website, and another $5 for adding their extension on your brother. I use Google Chrome. And each time I buy something through the website I save a lot. I give it a 5 star rating. Thanks for this amazing deal.",2023-03-09,4 out of 4 people found this helpful
293,5 stars,SUJUN KHAN,very nice app,2023-03-08,2 out of 2 people found this helpful
294,5 stars,md jihad,like you,2023-03-08,1 person found this review to be helpful
295,5 stars,istiak ahmed,this is absolutely amazing website.this great and I'll refer my friends and family,2023-03-06,3 out of 4 people found this helpful
296,5 stars,ped ped,LOVE IT !!!! DEFINELETLY RECOMMEND FOR SHEIN!! love how they give you 10 dollars when you sign up EEKKK!  and yess its free,2023-03-06,4 out of 4 people found this helpful
297,4 stars,Shahid Muneer,its very great,2023-03-05,3 out of 3 people found this helpful
298,5 stars,danyiel silastre,nice,2023-03-05,2 out of 3 people found this helpful
299,5 stars,Alfred Paghubasan,Today I downloaded this app.It is very good,2023-03-05,2 out of 3 people found this helpful
300,5 stars,Mohsen Mohamed,"verey  good  FatCoupon/,,,,,,,,,,,,,,,,,,,,,,,,,,2xcellent",2023-03-05,1 person found this review to be helpful
301,5 stars,Crypto Softs Official,good,2023-03-05,2 out of 2 people found this helpful
302,5 stars,Asad Khan,loved it,2023-03-04,3 out of 3 people found this helpful
303,5 stars,Sujata Mondal,Loved it,2023-03-04,4 out of 4 people found this helpful
304,5 stars,Alena Rajput,its is awesome ....i recommend this too all my friends and family..the coins whould not apply lies...,2023-03-04,2 out of 2 people found this helpful
305,5 stars,Sonia Falak,"""It's a very good app and a useful browser extension. I have also recommended it to many people. It's a good source of income by completing interesting tasks.""",2023-03-04,2 out of 3 people found this helpful
306,5 stars,Mohsan Joyia,its good to use,2023-03-04,2 out of 2 people found this helpful
307,5 stars,siddesh chalke,well interface,2023-03-03,2 out of 2 people found this helpful
308,4 stars,Lindsey Larbi,"So far, it is superb",2023-03-03,2 out of 2 people found this helpful
309,3 stars,adil ishaq,very well,2023-03-03,2 out of 2 people found this helpful
310,5 stars,BINNAM NELSON JAWUN,"It's awesome, I love it.",2023-03-03,2 out of 2 people found this helpful
311,5 stars,termux user,nc,2023-03-02,2 out of 2 people found this helpful
312,5 stars,à¦‰à¦¸à¦®à¦¾à¦¨ à¦†à¦²à¦¿,great!,2023-03-01,2 out of 2 people found this helpful
313,5 stars,Touqeer Ali,Good work,2023-03-01,3 out of 3 people found this helpful
314,5 stars,Terry Kinyahwe,loved it!,2023-03-01,3 out of 3 people found this helpful
315,5 stars,Leeroy Francisco,amzing,2023-02-28,4 out of 4 people found this helpful
316,4 stars,Abdullah Sethi,thanks for coupons,2023-02-28,4 out of 5 people found this helpful
317,5 stars,Sumon Ahmed,Thanks Fat Coupon The Best Side of the world. I like it Very Very Much. The World Class Side,2023-02-28,4 out of 4 people found this helpful
318,4 stars,Atif Ali,best app,2023-02-27,3 out of 3 people found this helpful
319,5 stars,hassan shy,VERY GOOG APP,2023-02-26,4 out of 4 people found this helpful
320,3 stars,Owali ullah Mobarak ali,nathing to bad,2023-02-26,4 out of 5 people found this helpful
321,5 stars,Faizan Naz,nice,2023-02-26,1 out of 2 people found this helpful
322,5 stars,rEMAN Khadka,i love it,2023-02-26,2 out of 2 people found this helpful
323,4 stars,Awais Farzand,Today I downloaded this app.It is very good,2023-02-26,1 person found this review to be helpful
324,5 stars,Emon Ahamed,good,2023-02-25,1 person found this review to be helpful
325,5 stars,Emilio Linares,Exxcelente app,2023-02-24,3 out of 3 people found this helpful
326,4 stars,qi yaming,just loved it,2023-02-20,5 out of 5 people found this helpful
327,1 stars,Christina Yang,The coins won't apply. Lies,2023-02-17,7 out of 7 people found this helpful
328,5 stars,Zbikch Napoli,"Give your opinionâ€¦The first time I saw FatCoupon, I didn't know what it was until I found out that the extension is for people who actually buy online, the app is easy to use, and the best of all is a refund for every purchase made using the extension, this is the most experience Valuable and most useful that I have not met before.",2023-02-10,1 out of 2 people found this helpful
329,5 stars,Rico,FC has been doing a great job giving some of  the highest discounts!!,2023-02-06,4 out of 4 people found this helpful
330,5 stars,my true love,Awesome,2023-02-04,4 out of 4 people found this helpful
331,5 stars,Tariq iqbal ktk,How Awesome,2023-02-01,3 out of 3 people found this helpful
332,5 stars,Jana khan,just loved it,2023-02-01,2 out of 2 people found this helpful
333,5 stars,Md Fahim (NK Srabon),"amazing app to earn money////
love it//",2023-01-31,3 out of 3 people found this helpful
334,5 stars,Brandy Harris,"Thank you so much!!! You just saved me $40 on just 1 Coupon!!! How Awesome Is That!!!!!!!!! OMG, I want to shop more and more just to see the price drop!!! Thanks!!!",2023-01-08,4 out of 5 people found this helpful
335,5 stars,dorp dorp,"A very good site, and thank you very much for creating this site and easy to apply it, and all the easy conditions for browsing and winning money are met
And recommend all his friends to use it and reap profits from it
Once again, I say thank you very much for this wonderful site
This site is very good, but if only the owner of the site increases the USDT payment system so that every member of anywhere in the world can withdraw his profits easily and without problems

This site is very good a... Show more",2023-01-06,2 out of 2 people found this helpful
336,5 stars,Roxanne Orpiada,It's the BEST!!the best shopping extensions and earning at the same time!,2023-01-06,3 out of 3 people found this helpful
337,5 stars,Abaid Ul Rehman,"its a vary great extension and its help full . i loved it. It is very useful if you love shopping online. but I think it would be better to add PayPal, Payoneer as a Payment method",2023-01-03,4 out of 4 people found this helpful
338,5 stars,gislan edson,Essa extensÃ£o me salva muito,2022-12-30,1 person found this review to be helpful
339,5 stars,Demonetization,"10/10 extension, easy setup, and helps save you money all the time.",2022-12-28,5 out of 5 people found this helpful
340,5 stars,Carla Jimenez Reyes,Muy buena aplicacion,2022-12-28,1 person found this review to be helpful
341,5 stars,Kiran Reddy,love it,2022-12-25,3 out of 3 people found this helpful
342,5 stars,Kathy Baade,"I am a night owl, up at night shopping on Women Wwwwithin. Thier web site is so user friendly and true to thier word, my discount was deep! Could not be happier!",2022-12-23,3 out of 3 people found this helpful
343,5 stars,Caroline Fratacci,love it! saved so much $$,2022-12-16,4 out of 4 people found this helpful
344,5 stars,MD milonhossain26pks,i like it,2022-12-14,3 out of 3 people found this helpful
345,5 stars,LiL Lovver,awsome app,2022-12-12,3 out of 3 people found this helpful
346,5 stars,mahmoud mamdouh,very good,2022-12-12,1 person found this review to be helpful
347,5 stars,Alin George,"good application, i got some nice discount,  i hope they gave me the money back",2022-12-09,3 out of 3 people found this helpful
348,5 stars,Gabriel Gayosa,what a great extension,2022-12-06,3 out of 3 people found this helpful
349,5 stars,Jakub Mazgaj,FREE MONEY BROO YESS HAHAHAHA,2022-12-06,
350,5 stars,krypton gali,good app,2022-12-01,2 out of 2 people found this helpful
351,5 stars,Abdus samad M Usman,"""Jentle, Prestige, Etiquette"" three of topers in one peak called ""QUICKLY""

Love it,,,

Really good work guys presiate and not regrate to be partner > To Immortality",2022-12-01,2 out of 2 people found this helpful
352,5 stars,ferb cheese,very great best thing that has happened to me,2022-11-28,5 out of 5 people found this helpful
353,5 stars,lil mama,everyone and anyone around the world will love it as much as i give it  try,2022-11-26,3 out of 3 people found this helpful
354,5 stars,MD Mohibullah,flat coupon is a vary great extension and its help full,2022-11-25,3 out of 3 people found this helpful
355,5 stars,Kim Lawhon,"This is the newest way for me, as a single mom, to earn free and easy cash by earning points for gift cards. With the inflation making even grocery shopping harder, I am having to find ways to get creative with the budget and FatCoupon makes it fun and easy!!",2022-11-23,4 out of 4 people found this helpful
356,5 stars,Quyen thanh nguyen,flat coupon is a vary great extension and its help full,2022-11-22,4 out of 5 people found this helpful
357,5 stars,Sholeh Salimi,Profitable extension!,2022-11-21,6 out of 7 people found this helpful
358,5 stars,muhammed dursun,sÃ¼per  good,2022-11-21,
359,4 stars,Jim Wharton,FC has been doing a great job giving some of  the highest discounts!!,2022-11-18,3 out of 3 people found this helpful
360,5 stars,JIHADFARAZI Officials,"its a vary great extension and its help full . i loved it. It is very useful if you love shopping online. but I think it would be better to add PayPal, Payoneer as a Payment method",2022-11-16,2 out of 2 people found this helpful
361,5 stars,arlene prince,Have added the extension lets see,2022-11-16,2 out of 2 people found this helpful
362,5 stars,Chhewang Lama,Wow this app is real i got money in my account and it is easy way to earn money. Guys so let download and clam your reward.,2022-11-15,3 out of 3 people found this helpful
363,5 stars,Basem Rhouma,nice,2022-11-13,3 out of 3 people found this helpful
364,5 stars,Jennifer Callaway,I am so in love with this app!! It's the BEST!!,2022-11-13,2 out of 2 people found this helpful
365,5 stars,Andrea Siratt,One of the best shopping extensions so far and i have spent months trying others. definitely give it a try everyone!!,2022-11-10,2 out of 2 people found this helpful
366,5 stars,Md Labbib,love it,2022-11-09,2 out of 2 people found this helpful
367,5 stars,Anyerly Melo,"Great extension, always the best deals!",2022-11-07,1 person found this review to be helpful
368,5 stars,My Lesson Channel,it is a special and beautiful earning site i ever seen.i love it.,2022-11-05,2 out of 2 people found this helpful
369,5 stars,Sami Dhahri,"That's great , thank you for your confidence in work",2022-11-05,2 out of 2 people found this helpful
370,5 stars,hillary diana,I love everything about this website.,2022-11-04,2 out of 2 people found this helpful
371,4 stars,John Maina,its pretty good,2022-11-04,1 person found this review to be helpful
372,4 stars,Cyril Etukudo,Wow... this is really nice,2022-11-02,1 person found this review to be helpful
373,5 stars,Erik Rodriguez,pretty good,2022-10-31,1 person found this review to be helpful
374,5 stars,Kay k,i have been spending hours looking for this app again i love it so many stores and great deals. i have had this account since 10/29 and already half way to cashing out and only made one purchase at one store and did some daily task. i have had this almost a month now and its been great just waiitng for the rest to clear to be able to cash out at this point i have enough for 2 almost 3 cards,2022-10-30,4 out of 4 people found this helpful
375,5 stars,The Wordsmith,Love this app and the extension! It allows me to earn with huge cashbacks and rewards! Highly recommended !,2022-10-28,1 person found this review to be helpful
376,5 stars,alfredo torres,me encanta esta aplicacion,2022-10-27,1 person found this review to be helpful
377,5 stars,Real,Absolutely amazing product!,2022-10-25,1 person found this review to be helpful
378,5 stars,Chhatak Unilever,Here is a good opportunity to earn without any investment. It is indeed a good initiative. Thanks to the project promoters for launching such a beautiful project.,2022-10-22,1 person found this review to be helpful
379,5 stars,Chhatak Unilever,Here is a good opportunity to earn without any investment. It is indeed a good initiative. Thanks to the project promoters for launching such a beautiful project.,2022-10-22,1 person found this review to be helpful
380,5 stars,ABDULKADIR BASHIRU,i llove this site actually i just start but i like it the way it's!!!............,2022-10-22,5 out of 6 people found this helpful
381,5 stars,OVEJIT ADHIKARY,i like FatCoupon Cash Back & Promo Codes...,2022-10-20,1 person found this review to be helpful
382,5 stars,Don Rome,Great app! Beest ever glad I thought about getting it done,2022-10-19,1 person found this review to be helpful
383,4 stars,Srecko Sapina,"Intresting extension,profitable,usefull",2022-10-14,2 out of 2 people found this helpful
384,5 stars,NECLA OZBEK,"FatCoupon has been my favorite coupon checking apps ever
I loved it Thanks",2022-10-11,
385,5 stars,Jose Lopez,i love  this app . plus its so convinet to use !,2022-10-09,2 out of 2 people found this helpful
386,5 stars,Yahya jelouli,Ø¬ÙŠØ¯ Ø¬Ø¯Ø§ Ùˆ Ù…Ù…ØªØ§Ø² Ø§Ø­Ø¨Ø¨Øª Ù‡Ø§Ø¯Ø§ Ø¥Ù†Ù‡ Ø¬Ù…ÙŠÙ„ Ø±Ø§Ø¦Ø¹ ÙˆØ§Ù†Ø§ Ù…ØªÙŠÙ‚Ù† Ø£Ù†Ù‡ Ù„Ø§ ÙŠÙˆØ¬Ø¯ Ù…Ø«Ù„Ù‡ Ø´ÙƒØ± Ù„ÙƒÙ… Ø¹Ù„Ù‰ Ù‡Ø¯Ø§ Ø¹Ù…Ù„ Ø¬ÙŠØ¯ Ø§Ù†ØµØ­ÙƒÙ… Ø¨ÙŠ ØªØ¬Ø±Ø¨Ù‡ Ù‡Ø¯Ø§,2022-10-07,3 out of 3 people found this helpful
387,5 stars,Mohamed Afkir,Ø¬ÙŠØ¯ Ø¬Ø¯Ø§ Ùˆ Ù…Ù…ØªØ§Ø² Ø§Ø­Ø¨Ø¨Øª Ù‡Ø§Ø¯Ø§ Ø¥Ù†Ù‡ Ø¬Ù…ÙŠÙ„ Ø±Ø§Ø¦Ø¹ ÙˆØ§Ù†Ø§ Ù…ØªÙŠÙ‚Ù† Ø£Ù†Ù‡ Ù„Ø§ ÙŠÙˆØ¬Ø¯ Ù…Ø«Ù„Ù‡ Ø´ÙƒØ± Ù„ÙƒÙ… Ø¹Ù„Ù‰ Ù‡Ø¯Ø§,2022-10-07,3 out of 3 people found this helpful
388,5 stars,Sassy Lil mama,I love FatCoupon!!! I DEFINENTLY would reccomend this app,2022-10-06,1 out of 2 people found this helpful
389,5 stars,Tracy Parker,"With FatCoupon I saved $20 on my first order with Casetify that Would have cost close to a hundred dollars plus I got cash back, so I'm very pleased with FatCou[ons.",2022-10-05,1 person found this review to be helpful
390,5 stars,Ashlee Dynes,Its AMAZING,2022-10-04,1 person found this review to be helpful
391,5 stars,cherron kee,with FATCOUPON you get an easy way to earn cashback as well as easy redeem options. the extension is easy to use. i would definitely refer someone to this extension.,2022-09-29,2 out of 2 people found this helpful
392,5 stars,Abdus salam,"its a vary great extension and its help full . i loved it. It is very useful if you love shopping online. but I think it would be better to add PayPal, Payoneer as a Payment method",2022-09-23,2 out of 2 people found this helpful
393,2 stars,Lily P,"It's an excellent app for earning big cash back, but redeeming the cash back is a different story. You have to wait almost  months before you received your redeemed cash back. Not only that, after waiting for 6 months, all of sudden my balance is shrinking (stolen). They give you some points to give a good reviews.",2022-09-20,2 out of 2 people found this helpful
394,5 stars,A.f.m Arifur Rahman,"this is very good extension that help save money, i download it and i like it very much",2022-09-20,2 out of 2 people found this helpful
395,5 stars,Yasir Ahmed,Always saves me money ;),2022-09-19,2 out of 2 people found this helpful
396,5 stars,Crex,Good extension,2022-09-19,1 person found this review to be helpful
397,5 stars,bel fama,the best coupon website. wew,2022-09-17,2 out of 3 people found this helpful
398,5 stars,Amine hazimy,awesome,2022-09-15,3 out of 3 people found this helpful
399,5 stars,diya zaman,very nice and extra-ordinary,2022-09-13,2 out of 3 people found this helpful
400,5 stars,Latisha Mitchell,love this ex.,2022-09-13,1 out of 2 people found this helpful
401,5 stars,Lezli Martinez,This is the best extension i have ever used even if it was just an app alone it would have great value but as an extension it is like money keeps popping out from everywhere!  not only do I get huge discounts but i get rewarded with real cash on my orders and have the opportunity to make money as well! With the rate prices have been going up this is a drastically huge relief i can not wait to share with my friends and make even more money sharing!!! This is unheard of!!!!,2022-09-12,3 out of 3 people found this helpful
402,5 stars,Usama Waseem,this app is soo  interesting em totally obbssed with this app.But pleasee add more features on laptop Thankyou,2022-09-12,1 out of 2 people found this helpful
403,5 stars,rezowan ahmed,This extension was so amazing and easy to use ! i just loved it .ðŸ¤,2022-09-10,1 out of 2 people found this helpful
404,5 stars,Emmanuel Chibueze Ekeoma (MFire),Excellent application that all people should have. very fast to download and useful application. I am loving it already!!!,2022-09-10,2 out of 3 people found this helpful
405,5 stars,Sun Shines,It is a very nice earning application that all people should use. I have never come across such a useful application.,2022-09-10,4 out of 4 people found this helpful
406,5 stars,sasha hunter,this is the best app i have downloaded. i would tell my whole family about it. you save money plus get amazon deals,2022-09-09,1 person found this review to be helpful
407,5 stars,Ana Garcia A,"Fatcoupon is a very good app . I am working on Fatcoupon .this website its very easy to use. It is one of the bes that I know.  I recommend you ti sign it apps. I really love the FC extension, it gives so many options to earn cash back and allows me to spend less and earn more. Great to safe money",2022-09-09,2 out of 2 people found this helpful
408,5 stars,fairouz khaldoun,fat coupon is a very large space of enjoyment when it comes to shopping fat coupon is a win win place where ever you are in the world,2022-09-09,1 person found this review to be helpful
409,5 stars,Daniel â€œDannyâ€ Dean,with FATCOUPON you get an easy way to earn cashback as well as easy redeem options. the extension has been laid out so that it can easily be navigated. i would definitely refer someone to this extension.,2022-09-09,1 person found this review to be helpful
410,5 stars,Chama Chabasungu,"fatcoupon, is a very nice which gives massive coupons on everything you purchase using its links have been enjoying this.
you will never go wrong",2022-09-09,1 person found this review to be helpful
411,5 stars,Zahangir Alam,Really Fatcoupon is outstanding program to earn a little money legally. I am working regularly. I never think it is scam and it will pay me surely. Have a fun with Fatcoupon.,2022-09-09,1 person found this review to be helpful
412,5 stars,ibrahim teltik,"In my opinion, it is a very nice earning application that all people should use. I have never come across such a beautiful and useful application.",2022-09-09,1 person found this review to be helpful
413,5 stars,Naila sarfraz,"I love this extension. It is fantastic! Very useful and friendly ,with a big selection of shops and deals and cashback offers also. . It's a great app to have and help find you savings. I absolutely love it and I'm so happy.",2022-09-08,1 person found this review to be helpful
414,5 stars,Josh Johnson,"great extention.the extentions great. if rate it on a scale of one to great id say great,all in all its a great extentio if i do say so myself",2022-09-08,1 person found this review to be helpful
415,5 stars,Alor Dishari Tv,"Fatcoupon is one of the best apps. I am working on Fatcoupon .this is a good website in the world. I really love the FC extension,",2022-09-07,1 person found this review to be helpful
416,5 stars,Billy Shepard,"Absolutely amazing, this is such a great extension, helps save you money, get cash back and overall points to be redeemed for AWESOME rewards! Try it today!",2022-09-07,1 person found this review to be helpful
417,5 stars,Purno Sarker,It's completely legit. This app is a great app for buying things and to get promo codes. I really love the FC extension. Fatcoupon is one of the best apps.Great website that lets you get the best price for whatever you are searching for.,2022-09-07,4 out of 4 people found this helpful
418,5 stars,Victoria Timbo,good!,2022-09-07,2 out of 2 people found this helpful
419,5 stars,Amy Webster,Very easy to use with a ton of free cash back.  I am new but I will continue to use this app.  Hopefully it just gets better.,2022-09-07,1 person found this review to be helpful
420,5 stars,JERRY MBONDO,FatCoupon really helped me maximize on my online savings,2022-09-07,1 person found this review to be helpful
421,5 stars,Grace Balatero,"I really love fatcoupon. This is definitely a legit site that helps us saving while spending. My points where automatically added eveytime I landed into different online stores nationwide. I am close to near of reaching 50,000 points of fatcoupons which will be equivalent of $50. This is definitely amazing. The accumulated points is equivalent to the cash that could  redeem.",2022-09-07,1 person found this review to be helpful
422,5 stars,Igbokwe C. Chidiebere,It is working 100 % and this guys are real. tested and trusted,2022-09-07,1 person found this review to be helpful
423,5 stars,shakil mahmud,fatcoupon is one of the best discount websites I highly recommend to use this site for everyone. you can also earn money from this site........ so dont be late.,2022-09-07,2 out of 2 people found this helpful
424,5 stars,Ali Hassan,fatcoupon is by far one of the best discount websites  I highly recommend this site for anyone who wants to make extra income.,2022-09-06,1 person found this review to be helpful
425,5 stars,godwin kambai,great site I love its user interface and most importantly the discount it provides on amazing deals. you can even do some task and redeem cash rewards,2022-09-06,1 person found this review to be helpful
426,5 stars,Mahim Al Muntashir Billah,wonderful cashback extension that helps shoppers to maximize saving money,2022-09-06,1 person found this review to be helpful
427,5 stars,kyawthu forwork,"Great Site,to you a lot of money,Fatcoupon.This is good",2022-09-06,1 person found this review to be helpful
428,5 stars,Nikos Ntokos,"Very useful extension I really love using it, never seen such a useful extension like this, I would recomend it without doubt",2022-09-06,1 person found this review to be helpful
429,5 stars,Mohamed Saleem,"It's completely legit, and cashback simply takes a several weeks to about 2 months max for earned and approved cashback to become â€œpayableâ€, as is the case with any cashback rewards apps.",2022-09-05,1 person found this review to be helpful
430,5 stars,diego oliveira,"Fatcoupon Ã© incrÃ­vel! uma extensÃ£o onde eu consigo reembolso e cupons de desconto no automÃ¡tico na minhas compras online em mais de 10.000 lojas, COPMRAR jÃ¡ Ã© bom mais receber descontos e cupons coma a extesÃ£o da FATCOUPON Ã© melhor ainda super recomento a todos.",2022-09-05,1 person found this review to be helpful
431,5 stars,Rahul Kumar,wonderful cashback extension that helps shoppers to maximize saving money,2022-09-05,1 person found this review to be helpful
432,5 stars,à¦ªà§à¦°à¦®à¦¤à§à¦¤ à¦…à¦™à§à¦—à¦¨à¦¾,"Fatcoupon is one of the best apps. I am working on Fatcoupon .this is a good website in the world. I recommend you ti sign it apps. I really love the FC extension, it gives so many options to earn cash back and allows me to spend less and earn more.",2022-09-05,3 out of 3 people found this helpful
433,5 stars,tai tran,"This is a great extension, make sure to add this for 15$ I'm poor in roblox and I need bobux so I added this and now I have bobux add this for bobux lets goooo fatcoupon!!!!",2022-09-05,
434,5 stars,Ganiyu Paul,A great cashback extension that helps shoppers to maximally save money. I love 100% FatCoupon.,2022-09-05,1 person found this review to be helpful
435,5 stars,Subhan Amir,i am working on fat coupon this is a very amazing experience kindly singup ang get free$5 everybody kindly check it best website in the world,2022-09-04,1 person found this review to be helpful
436,5 stars,eleanor â€œFelineNxorâ€,"This is a great extension, make sure to add this for 15$ I'm poor in roblox and I need bobux so I added this and now I have bobux add this for bobux lets goooo fatcoupon!!!!",2022-09-04,1 person found this review to be helpful
437,5 stars,Sanusi abdulrahman,Fatcoupon is one of the best apps. You can get half or more cash back on almost all offers. Discount features are also very awesome.,2022-09-04,1 person found this review to be helpful
438,5 stars,Å½iva HanÅ¾iÄ,Great website that lets you get the best price for whatever you are searching for. I recommend you ti sign it asap.,2022-09-04,1 person found this review to be helpful
439,5 stars,sAd kIttY,"this is a good website to use i enjoyed it i recommend you use it yourself
it provide and support too many sites and platforms, and its coupons are real.
Fatcoupon is one of the best apps. You can literally get half or more cash back on almost all offers. Discount features are also very awesome. Can't rate this app any less than 5 star.",2022-09-04,1 person found this review to be helpful
440,5 stars,Yosri Lourdenadin,Good product,2022-09-04,1 person found this review to be helpful
441,4 stars,Sincere Simmons,"this app is a great app for buying things and to get promo codes. I really love the FC extension, it gives so many options to earn cash back and allows me to spend less and earn more",2022-09-04,2 out of 2 people found this helpful
442,5 stars,Asif Ali,"I really love the FC extension, it gives so many options to earn cash back and allows me to spend less and earn more",2022-09-04,3 out of 3 people found this helpful
443,3 stars,Alvin John Pati,I'll change this into 5 star once I redeem the FC coins I'm saving. :),2022-09-03,1 person found this review to be helpful
444,5 stars,dai nguyenvan,"FatCoupon lÃ  trang wep ráº¥t tá»‘t Ä‘á»ƒ kiáº¿m tiá»n online, tÃ´i ráº¥t thÃ­ch nÃ³ vÃ  sáº½ á»§ng há»™ tháº­t lÃ¢u",2022-09-03,1 person found this review to be helpful
445,5 stars,arbazali akbar,this app is very nice. I like this app.I love it,2022-09-03,2 out of 2 people found this helpful
446,5 stars,Danielle Booysen,This is my first time using Fatcoupon I did not even know about its existence. You can find many awesome deals and save money on this platform. The browser extension makes it easy to shop and find discounts. Thanks for a great shopping experience.,2022-09-03,1 person found this review to be helpful
447,5 stars,Angelo MagalhÃ£es,"Well, a nice surprise. A very good website to shopping and get cash back. Have many stores and you can always earn extra coins doing small tasks.There could be a option to redeem a 20$ cash via Paypal",2022-09-03,1 person found this review to be helpful
448,5 stars,AMBROSE NGENO,wonderful services.I recommend everyone to FatCoupon,2022-09-03,2 out of 2 people found this helpful
449,5 stars,Mani Janjua,fatcoupon is by far one of the best discount websites i have came across yet i stumbled on to it looking for app that pay cash back everything happenes for a reason no doubt some real good deals on here check em people you will like fatcoupon 100,2022-09-02,2 out of 2 people found this helpful
450,5 stars,Pawan Agrawal,Fatcoupon is a great site which with discount coupons also have some really nice side tasks which u can do to reedem rewards which are very easy and it also alows you to scan for the best saving coupon for you. overall i loved fatcoupon. best app for a bit of side income for teens like me,2022-09-02,1 person found this review to be helpful
451,5 stars,JoÃ£o FÃ©lix,"Great extension to have on Chrome, gives you coupons for so many stores it makes shopping online so much easier. Download it and give it a try you will not regret it!",2022-09-02,1 person found this review to be helpful
452,5 stars,Litashka Christiaan,Great site that allows you to make a lot of money. Fatcoupon. This is greatfull website to do bussiness with. Come and Visit this site.,2022-09-02,1 person found this review to be helpful
453,5 stars,é²å¸…,"nice
its a very useful and easy to save money!",2022-09-02,
454,5 stars,jesse micah,it is an amazing site it has good deals on cashback .,2022-09-02,
455,5 stars,Minghua Liu,"Working promo codes. Iâ€™m one of those people that always try to find a promo code before I check out. This app makes it super easy because it automatically tests codes at check-out. I was able to get working codes at most stores I tried even my favorite, Saksoff5th Ave. Very happy with this APP",2022-09-02,
456,5 stars,Digital Sheba,good service,2022-09-02,2 out of 2 people found this helpful
457,5 stars,Irving Nova,Excellent,2022-09-02,1 person found this review to be helpful
458,5 stars,mÃ©roma ansi,"Just wonderful everthind is simple and good it provide really good, cash back, coupons, promo codes on many site",2022-09-02,2 out of 2 people found this helpful
459,5 stars,Denan Korjenic,SOOOOO OGG APP,2022-09-02,2 out of 2 people found this helpful
460,5 stars,Suraj Kumar,this is the best app of cashback,2022-09-02,2 out of 2 people found this helpful
461,5 stars,L'2an B7ebak,"This app is my favorite coupons tool.
it provide and support too many sites and platforms, and its coupons are real.
I advice whoever read this comment to hurry up and sing up on it .",2022-09-01,3 out of 3 people found this helpful
462,5 stars,Sammi DiBiase,"i had to figure out how to write a review just to say how great this is! i love the iphone app, and the fact that there's a website too. i can't wait to get lit and go shopping.",2022-09-01,2 out of 2 people found this helpful
463,5 stars,Keaton Saffell,I love this app because it helps me spend less and make more!,2022-09-01,2 out of 2 people found this helpful
464,5 stars,Hayi Sofantono,"very good and amazing, this is the first time I found a website that gives a lot of cashback and works with many marketplace platforms in the world",2022-09-01,2 out of 2 people found this helpful
465,5 stars,Feloh Mayesabari official,very nice and dependable I loved it,2022-08-31,1 person found this review to be helpful
466,5 stars,Michael Vornsand,fatcoupon is by far one of the best discount websites i have came across yet i stumbled on to it looking for app that pay cash back everything happenes for a reason no doubt some real good deals on here check em people you will like fatcoupon 100,2022-08-31,2 out of 2 people found this helpful
467,5 stars,Nicholas Johnson,Saved an extra 26 dollars and 13% cash back on top of $25 off free shipping and 6% cash back,2022-08-31,1 person found this review to be helpful
468,5 stars,35_085_Samapti _Kabiraj,Its a great this is such a good intended website what to tell you is that this are real and not a scam try your all bests to fatcoupon.com thanks,2022-08-31,1 person found this review to be helpful
469,5 stars,io,Muy buena,2022-08-31,2 out of 2 people found this helpful
470,5 stars,Rachel Mijares,good know this kind of app..so far so good ! I will let you know how my first cash out goes thank you.....,2022-08-31,1 person found this review to be helpful
471,5 stars,Reri Priansyah,"Fatcoupon is a technological innovation to improve the economy and provide trading flexibility, hopefully in the future it will be at the forefront with a more UI appearance",2022-08-31,
472,5 stars,Emmanuel Elufisan,they are the best in gi=ving coupon,2022-08-30,1 person found this review to be helpful
473,4 stars,Abhijeet Singh Rana,good extension,2022-08-30,1 person found this review to be helpful
474,4 stars,DÃ©sirÃ© Niamien,"Great site that allows you to make a lot of money. Fatcoupon, I highly recommend this site for anyone who wants to make extra income.",2022-08-30,1 person found this review to be helpful
475,5 stars,Abdul Wahab,This is great! Let the chrome extensions do the work while you shop and surf! Not to mention coupons and the simplicity involved.,2022-08-30,1 person found this review to be helpful
476,5 stars,Tayyab rahman (Saith sab),"his big online stores and save money
It's was lovely and i love it just need to tell you have to get 1000000 fc dollor before you get ready money",2022-08-30,1 person found this review to be helpful
477,5 stars,Rodney Otieno,"I live Fatcoupon cash back and what makes it amazing is that Chrome Extension makes FatCoupon web browsing easier, from here we can see the cashback offers of the trading store very easily.",2022-08-30,1 person found this review to be helpful
478,5 stars,Breanna Rains,this app is so dope,2022-08-30,2 out of 2 people found this helpful
479,5 stars,Patricia Brooks,I love this tool it is wonderful at finding deals and saving money! I earned money just for signing up and I always get cashback on my purchases. I use this site whenever I shop online and would recommend it to anyone.,2022-08-30,1 person found this review to be helpful
480,5 stars,Noah Barnes,Very good,2022-08-30,1 person found this review to be helpful
481,5 stars,Sonimar Ortiz,"MUY BUENA LA APLICACION ME ENCANTAS MUCHOOOO ,LA RECOMIENDO.",2022-08-29,1 person found this review to be helpful
482,5 stars,Uncle Bun,"I enjoy FatCoupon a lot since it has the finest offers, including coupons and promo codes, and the highest cash back percentage of any app that I have so far discovered. With this app, shopping is really simple and you can purchase at a ton of different retailers while automatically earning cash back!âœŒï¸",2022-08-29,1 person found this review to be helpful
483,5 stars,Provas pal,I really like it because I can get coins every day just by logging in and doing simple tasks is easy. I recommend 110%. I recommend it to everyone,2022-08-29,1 person found this review to be helpful
484,5 stars,umair niaz,this is the nice app for cashback its so true you also try this and enjoy cashback i have many cashback from this,2022-08-29,1 person found this review to be helpful
485,5 stars,Mauricio Rodriguez,Me gusta tener esta extencion para hacer comprar y es bueno que tengan la accion de regalarte descuentos y ganar dinero tambien la e recomendado a mi familia ya que ellos usan mucho las compras en linea y le va de maravilla y le resulta economicamente favorable esta extencion. gracias por valorar los gastos y darles esos incentivos. saludos desde argentina,2022-08-29,1 person found this review to be helpful
486,5 stars,SUleiman danjuman,"Fatcoupon is very easy, user friendly and it also help unemployed people like me to earn something for my upkeep",2022-08-29,1 person found this review to be helpful
487,5 stars,Alphabeta Gamma,"Love fatcoupon. Using this, you can get a variety of goods with cashback and discount. Just add this extension right away to get your favorite products with discount.",2022-08-28,1 person found this review to be helpful
488,5 stars,Rubina Nisar,its very wonderfull tool .this is amazing website and i ma very interesting earning money.I really like its fat coupon saving app.,2022-08-28,1 person found this review to be helpful
489,5 stars,Kenny sho,i loved the fat coupon because in real and legit am very sure my earning will be paid without delay thumbs up,2022-08-28,1 person found this review to be helpful
490,5 stars,huzaim genius,Its fantastic tool for coupon and also for earning money. Its amazing,2022-08-28,1 person found this review to be helpful
491,5 stars,Rehman Amin,This extension is legit and i loved it,2022-08-28,1 person found this review to be helpful
492,5 stars,Paully Lendership,"goood program i just got it but seems fun lots to do now give me my dollar please, hahah get it NOW",2022-08-28,2 out of 2 people found this helpful
493,5 stars,Shaun Helms,so far so good !i will let you know how my first cash out goes thank you,2022-08-27,2 out of 2 people found this helpful
494,5 stars,charles caulker,"Fatcoupon is a great website which gives discount on item you buy from brands. So what are you waiting for sign up now, and its also gives free money",2022-08-27,2 out of 2 people found this helpful
495,5 stars,Collin Neri,Legitimately one of the best extensions for this type of rewards program!,2022-08-27,2 out of 2 people found this helpful
496,5 stars,Gisele Jesus,"Hi, I loved this extension because it lets me have several types of cashback and I'll be able to redeem a good amount of money and get to know new platforms.",2022-08-27,1 person found this review to be helpful
497,5 stars,Youby Busbel,"Very nice and easy to use application,I work at it daily The best app for cashback, And also has good offers for developers Well done on this app.",2022-08-26,1 person found this review to be helpful
498,5 stars,Jeffery McGlone,This is great! Let the chrome extensions do the work while you shop and surf! Not to mention coupons and the simplicity involved.,2022-08-26,2 out of 2 people found this helpful
499,5 stars,UWAKWE CHIOMA,"this site is a very trustworthy site, reliable and they complete their promises instantly. I think this is one of my favorite ""make-money-without-streess site""",2022-08-26,1 person found this review to be helpful
500,5 stars,Samaria Gentry,It's was lovely and i love it just need to tell you have to get 1000000 fc dollor before you get ready money,2022-08-26,2 out of 2 people found this helpful
501,5 stars,Johanna Alido,"great experience, this is a great platform for cashback. Highly recommended if you want to save money more. It is also easy and fast to use. This is the best site for money cashback. Try it now",2022-08-26,1 person found this review to be helpful
502,5 stars,Ali Ahmed,thats a very great app to use as it has many advantages that can found when browsing it and find that its very usful for his cash  back .I really recommend you to  use it,2022-08-26,2 out of 2 people found this helpful
503,5 stars,Ermond Avdijaj,"The best app for cashback
Fatcoupon is very easy and top cashback site
I recommend it to everyone",2022-08-26,1 person found this review to be helpful
504,5 stars,arkhmed marsey,"This app is so good it is very user friendly plus it opens wide range earning opportunities, as someone who is unemployed i think this app is a quite big game changer when it becomes online earning also even if you are employed still this site is good source for an side hustle",2022-08-26,1 person found this review to be helpful
505,5 stars,Alex Jennings,Very easy to use. I just installed the extension on Chrome and made a purchase I was already planning on buying. I recommend 110%.,2022-08-25,1 person found this review to be helpful
506,5 stars,Sameera Basra,this website is very amazing and fabulous this best opportunityand with cash back.,2022-08-25,1 person found this review to be helpful
507,5 stars,Yuyong Zhang,I really like it because I can get coins every day just by logging in and doing simple tasks is easy. Really recommended for easy earning and cashback.,2022-08-25,2 out of 2 people found this helpful
508,5 stars,Weslon Kelly,Fat Coupon is a great App. It offers savings galore and who doesn't like to get discounts when shopping! So get the APP and be a happy shopper.,2022-08-25,2 out of 2 people found this helpful
509,5 stars,Dona Line,Very good im happy,2022-08-24,1 person found this review to be helpful
